review_packet_id,site,panel_id,panel_root_id,panel_branch_id,subtype_promotion_blocker_detail_shadow,review_priority,default_decision_ko,review_question_ko,recommended_check_ko,사건유형_재판정_ko,최종고장양상_재판정_ko,earliest_warning_date,retrospective_onset_date,strict_trigger_date,first_final_fault_date,common_cause_anchor_date,common_cause_anchor_kind,gap_days,onset_confidence,onset_method,fault_family_hypothesis_shadow_ko,fault_subtype_hypothesis_shadow_ko,subtype_shape_confidence_shadow,subtype_confidence_shadow,subtype_promotion_blocker_shadow,subtype_promotion_blocker_reason_ko,subtype_hold_reason_ko,site_event_history_flag,group_off_history_flag,subgroup_common_cause_history_flag,common_cause_history_flag,strict_trigger_proximal_common_cause_flag,warning_proximal_common_cause_flag,trigger_proximal_common_cause_flag,secondary_window_candidate_flag,secondary_window_selected_onset_date,secondary_window_selected_marker,secondary_window_selected_gap_days,secondary_window_qualified_count,secondary_window_too_early_count,secondary_window_change_class,secondary_window_review_tier,promotion_decision_bucket,promotion_decision_reason,대표critical_source,대표anom_level,대표anom_subtype,algorithm_family_ko,algorithm_symptom_ko,detailed_fault_code,detailed_fault_label_ko,subtype_evidence_tags,subtype_production_write_allowed
BR023-001,conalog,21ca22d1-a6fb-40cd-805c-cd3dcfcbb4ff.0.0,21ca22d1-a6fb-40cd-805c-cd3dcfcbb4ff,21ca22d1-a6fb-40cd-805c-cd3dcfcbb4ff.0,strict_trigger_proximal,P1_strict_proximal_vs_secondary_window_check,기본 hold: strict-proximal 공통원인 분리 전 subtype/전조 승격 금지,strict trigger와 common-cause anchor가 같은 날인 간헐 접촉저항형 형태를 개별 전조로 볼 근거가 있는지 확인,"strict_trigger_date 주변 +/-3일의 site/subgroup/group_off 동시성, secondary-window gap, 동일 root 반복 여부 확인",전조형 고장,급격 종료,2024-12-10,2024-11-06,2024-12-05,2024-12-06,2024-12-05,strict_trigger,29,high,ews_warning,접속 불량·부분 개방 계열,간헐 접촉저항형,medium,hold,common_cause,candidate subtype is held because site/strict-proximal common-cause evidence blocks individual panel precursor promotion,candidate subtype is held because site/strict-proximal common-cause evidence blocks individual panel precursor promotion,0,0,1,1,1,0,1,1,2024-11-06,prealarm_cond_hs_mid_or_hi,29,24,0,method_provenance_only_primary_marker_mismatch,audit_provenance_only,audit_provenance_only,BR008: audit_provenance_only; audit/provenance only and no event flip,none,confirmed_fault,confirmed_fault,개방/장치이상형,전압 변화형,RAW_OPEN_NOCRIT,확정고장이지만 vdrop/critical 증거가 약한 계열,"event_type=전조형 고장,algorithm_family=개방/장치이상형,critical_source=none,anom_subtype=confirmed_fault,gap_days=29,onset_method=ews_warning,site_or_strict_proximal_common_cause,family=open_connection_partial,recurrence_or_secondary_window",0
BR023-002,conalog,21ca22d1-a6fb-40cd-805c-cd3dcfcbb4ff.0.1,21ca22d1-a6fb-40cd-805c-cd3dcfcbb4ff,21ca22d1-a6fb-40cd-805c-cd3dcfcbb4ff.0,strict_trigger_proximal,P1_strict_proximal_vs_secondary_window_check,기본 hold: strict-proximal 공통원인 분리 전 subtype/전조 승격 금지,strict trigger와 common-cause anchor가 같은 날인 간헐 접촉저항형 형태를 개별 전조로 볼 근거가 있는지 확인,"strict_trigger_date 주변 +/-3일의 site/subgroup/group_off 동시성, secondary-window gap, 동일 root 반복 여부 확인",전조형 고장,급격 종료,2024-12-10,2024-11-06,2024-12-05,2024-12-06,2024-12-05,strict_trigger,29,high,ews_warning,접속 불량·부분 개방 계열,간헐 접촉저항형,medium,hold,common_cause,candidate subtype is held because site/strict-proximal common-cause evidence blocks individual panel precursor promotion,candidate subtype is held because site/strict-proximal common-cause evidence blocks individual panel precursor promotion,0,0,1,1,1,0,1,1,2024-11-06,prealarm_cond_hs_mid_or_hi,29,11,0,method_provenance_only_primary_marker_mismatch,audit_provenance_only,audit_provenance_only,BR008: audit_provenance_only; audit/provenance only and no event flip,none,confirmed_fault,confirmed_fault,개방/장치이상형,전압 변화형,RAW_OPEN_NOCRIT,확정고장이지만 vdrop/critical 증거가 약한 계열,"event_type=전조형 고장,algorithm_family=개방/장치이상형,critical_source=none,anom_subtype=confirmed_fault,gap_days=29,onset_method=ews_warning,site_or_strict_proximal_common_cause,family=open_connection_partial,recurrence_or_secondary_window",0
BR023-003,conalog,21ca22d1-a6fb-40cd-805c-cd3dcfcbb4ff.0.2,21ca22d1-a6fb-40cd-805c-cd3dcfcbb4ff,21ca22d1-a6fb-40cd-805c-cd3dcfcbb4ff.0,strict_trigger_proximal,P1_strict_proximal_vs_secondary_window_check,기본 hold: strict-proximal 공통원인 분리 전 subtype/전조 승격 금지,strict trigger와 common-cause anchor가 같은 날인 간헐 접촉저항형 형태를 개별 전조로 볼 근거가 있는지 확인,"strict_trigger_date 주변 +/-3일의 site/subgroup/group_off 동시성, secondary-window gap, 동일 root 반복 여부 확인",전조형 고장,급격 종료,2024-12-10,2024-11-07,2024-12-05,2024-12-06,2024-12-05,strict_trigger,28,high,ews_warning,접속 불량·부분 개방 계열,간헐 접촉저항형,medium,hold,common_cause,candidate subtype is held because site/strict-proximal common-cause evidence blocks individual panel precursor promotion,candidate subtype is held because site/strict-proximal common-cause evidence blocks individual panel precursor promotion,0,0,1,1,1,0,1,1,2024-11-07,prealarm_cond_hs_mid_or_hi,28,7,0,method_provenance_only_primary_marker_mismatch,audit_provenance_only,audit_provenance_only,BR008: audit_provenance_only; audit/provenance only and no event flip,none,confirmed_fault,confirmed_fault,개방/장치이상형,전압 변화형,RAW_OPEN_NOCRIT,확정고장이지만 vdrop/critical 증거가 약한 계열,"event_type=전조형 고장,algorithm_family=개방/장치이상형,critical_source=none,anom_subtype=confirmed_fault,gap_days=28,onset_method=ews_warning,site_or_strict_proximal_common_cause,family=open_connection_partial,recurrence_or_secondary_window",0
BR023-004,conalog,21ca22d1-a6fb-40cd-805c-cd3dcfcbb4ff.0.3,21ca22d1-a6fb-40cd-805c-cd3dcfcbb4ff,21ca22d1-a6fb-40cd-805c-cd3dcfcbb4ff.0,strict_trigger_proximal,P1_strict_proximal_vs_secondary_window_check,기본 hold: strict-proximal 공통원인 분리 전 subtype/전조 승격 금지,strict trigger와 common-cause anchor가 같은 날인 간헐 접촉저항형 형태를 개별 전조로 볼 근거가 있는지 확인,"strict_trigger_date 주변 +/-3일의 site/subgroup/group_off 동시성, secondary-window gap, 동일 root 반복 여부 확인",전조형 고장,진행성 악화,2024-12-10,2024-11-05,2024-12-06,2024-12-06,2024-12-06,strict_trigger,31,high,ews_warning,접속 불량·부분 개방 계열,간헐 접촉저항형,medium,hold,common_cause,candidate subtype is held because site/strict-proximal common-cause evidence blocks individual panel precursor promotion,candidate subtype is held because site/strict-proximal common-cause evidence blocks individual panel precursor promotion,0,0,1,1,1,0,1,1,2024-11-05,prealarm_cond_ae_mid_or_hi,31,27,0,method_provenance_only_primary_marker_mismatch,audit_provenance_only,audit_provenance_only,BR008: audit_provenance_only; audit/provenance only and no event flip,none,confirmed_fault,confirmed_fault,개방/장치이상형,전압 변화형,RAW_OPEN_NOCRIT,확정고장이지만 vdrop/critical 증거가 약한 계열,"event_type=전조형 고장,algorithm_family=개방/장치이상형,critical_source=none,anom_subtype=confirmed_fault,gap_days=31,onset_method=ews_warning,site_or_strict_proximal_common_cause,family=open_connection_partial,recurrence_or_secondary_window",0
BR023-005,conalog,21ca22d1-a6fb-40cd-805c-cd3dcfcbb4ff.0.4,21ca22d1-a6fb-40cd-805c-cd3dcfcbb4ff,21ca22d1-a6fb-40cd-805c-cd3dcfcbb4ff.0,strict_trigger_proximal,P1_strict_proximal_vs_secondary_window_check,기본 hold: strict-proximal 공통원인 분리 전 subtype/전조 승격 금지,strict trigger와 common-cause anchor가 같은 날인 간헐 접촉저항형 형태를 개별 전조로 볼 근거가 있는지 확인,"strict_trigger_date 주변 +/-3일의 site/subgroup/group_off 동시성, secondary-window gap, 동일 root 반복 여부 확인",전조형 고장,진행성 악화,2024-12-10,2024-11-05,2024-12-06,2024-12-06,2024-12-06,strict_trigger,31,high,ews_warning,접속 불량·부분 개방 계열,간헐 접촉저항형,medium,hold,common_cause,candidate subtype is held because site/strict-proximal common-cause evidence blocks individual panel precursor promotion,candidate subtype is held because site/strict-proximal common-cause evidence blocks individual panel precursor promotion,0,0,1,1,1,0,1,1,2024-11-05,prealarm_cond_hs_mid_or_hi,31,28,0,method_provenance_only_primary_marker_mismatch,audit_provenance_only,audit_provenance_only,BR008: audit_provenance_only; audit/provenance only and no event flip,none,confirmed_fault,confirmed_fault,개방/장치이상형,전압 변화형,RAW_OPEN_NOCRIT,확정고장이지만 vdrop/critical 증거가 약한 계열,"event_type=전조형 고장,algorithm_family=개방/장치이상형,critical_source=none,anom_subtype=confirmed_fault,gap_days=31,onset_method=ews_warning,site_or_strict_proximal_common_cause,family=open_connection_partial,recurrence_or_secondary_window",0
BR023-006,conalog,21ca22d1-a6fb-40cd-805c-cd3dcfcbb4ff.1.0,21ca22d1-a6fb-40cd-805c-cd3dcfcbb4ff,21ca22d1-a6fb-40cd-805c-cd3dcfcbb4ff.1,strict_trigger_proximal,P1_strict_proximal_vs_secondary_window_check,기본 hold: strict-proximal 공통원인 분리 전 subtype/전조 승격 금지,strict trigger와 common-cause anchor가 같은 날인 간헐 접촉저항형 형태를 개별 전조로 볼 근거가 있는지 확인,"strict_trigger_date 주변 +/-3일의 site/subgroup/group_off 동시성, secondary-window gap, 동일 root 반복 여부 확인",전조형 고장,진행성 악화,2024-12-10,2024-11-05,2024-12-05,2024-12-06,2024-12-05,strict_trigger,30,high,ews_warning,접속 불량·부분 개방 계열,간헐 접촉저항형,medium,hold,common_cause,candidate subtype is held because site/strict-proximal common-cause evidence blocks individual panel precursor promotion,candidate subtype is held because site/strict-proximal common-cause evidence blocks individual panel precursor promotion,0,0,1,1,1,0,1,1,2024-11-05,prealarm_cond_hs_mid_or_hi,30,8,0,method_provenance_only_primary_marker_mismatch,audit_provenance_only,audit_provenance_only,BR008: audit_provenance_only; audit/provenance only and no event flip,none,confirmed_fault,confirmed_fault,개방/장치이상형,전압 변화형,RAW_OPEN_NOCRIT,확정고장이지만 vdrop/critical 증거가 약한 계열,"event_type=전조형 고장,algorithm_family=개방/장치이상형,critical_source=none,anom_subtype=confirmed_fault,gap_days=30,onset_method=ews_warning,site_or_strict_proximal_common_cause,family=open_connection_partial,recurrence_or_secondary_window",0
BR023-007,conalog,21ca22d1-a6fb-40cd-805c-cd3dcfcbb4ff.1.1,21ca22d1-a6fb-40cd-805c-cd3dcfcbb4ff,21ca22d1-a6fb-40cd-805c-cd3dcfcbb4ff.1,strict_trigger_proximal,P1_strict_proximal_vs_secondary_window_check,기본 hold: strict-proximal 공통원인 분리 전 subtype/전조 승격 금지,strict trigger와 common-cause anchor가 같은 날인 간헐 접촉저항형 형태를 개별 전조로 볼 근거가 있는지 확인,"strict_trigger_date 주변 +/-3일의 site/subgroup/group_off 동시성, secondary-window gap, 동일 root 반복 여부 확인",전조형 고장,진행성 악화,2024-12-10,2024-11-08,2024-12-05,2024-12-06,2024-12-05,strict_trigger,27,high,ews_warning,접속 불량·부분 개방 계열,간헐 접촉저항형,medium,hold,common_cause,candidate subtype is held because site/strict-proximal common-cause evidence blocks individual panel precursor promotion,candidate subtype is held because site/strict-proximal common-cause evidence blocks individual panel precursor promotion,0,0,1,1,1,0,1,1,2024-11-08,prealarm_cond_hs_mid_or_hi,27,17,0,method_provenance_only_primary_marker_mismatch,audit_provenance_only,audit_provenance_only,BR008: audit_provenance_only; audit/provenance only and no event flip,none,confirmed_fault,confirmed_fault,개방/장치이상형,전압 변화형,RAW_OPEN_NOCRIT,확정고장이지만 vdrop/critical 증거가 약한 계열,"event_type=전조형 고장,algorithm_family=개방/장치이상형,critical_source=none,anom_subtype=confirmed_fault,gap_days=27,onset_method=ews_warning,site_or_strict_proximal_common_cause,family=open_connection_partial,recurrence_or_secondary_window",0
BR023-008,conalog,21ca22d1-a6fb-40cd-805c-cd3dcfcbb4ff.1.2,21ca22d1-a6fb-40cd-805c-cd3dcfcbb4ff,21ca22d1-a6fb-40cd-805c-cd3dcfcbb4ff.1,strict_trigger_proximal,P1_strict_proximal_vs_secondary_window_check,기본 hold: strict-proximal 공통원인 분리 전 subtype/전조 승격 금지,strict trigger와 common-cause anchor가 같은 날인 간헐 접촉저항형 형태를 개별 전조로 볼 근거가 있는지 확인,"strict_trigger_date 주변 +/-3일의 site/subgroup/group_off 동시성, secondary-window gap, 동일 root 반복 여부 확인",전조형 고장,진행성 악화,2024-12-10,2024-11-09,2024-12-05,2024-12-06,2024-12-05,strict_trigger,26,high,ews_warning,접속 불량·부분 개방 계열,간헐 접촉저항형,medium,hold,common_cause,candidate subtype is held because site/strict-proximal common-cause evidence blocks individual panel precursor promotion,candidate subtype is held because site/strict-proximal common-cause evidence blocks individual panel precursor promotion,0,0,1,1,1,0,1,1,2024-11-09,prealarm_cond_ae_mid_or_hi,26,11,0,method_provenance_only_primary_marker_mismatch,audit_provenance_only,audit_provenance_only,BR008: audit_provenance_only; audit/provenance only and no event flip,none,confirmed_fault,confirmed_fault,개방/장치이상형,전압 변화형,RAW_OPEN_NOCRIT,확정고장이지만 vdrop/critical 증거가 약한 계열,"event_type=전조형 고장,algorithm_family=개방/장치이상형,critical_source=none,anom_subtype=confirmed_fault,gap_days=26,onset_method=ews_warning,site_or_strict_proximal_common_cause,family=open_connection_partial,recurrence_or_secondary_window",0
BR023-009,conalog,21ca22d1-a6fb-40cd-805c-cd3dcfcbb4ff.1.3,21ca22d1-a6fb-40cd-805c-cd3dcfcbb4ff,21ca22d1-a6fb-40cd-805c-cd3dcfcbb4ff.1,strict_trigger_proximal,P1_strict_proximal_vs_secondary_window_check,기본 hold: strict-proximal 공통원인 분리 전 subtype/전조 승격 금지,strict trigger와 common-cause anchor가 같은 날인 간헐 접촉저항형 형태를 개별 전조로 볼 근거가 있는지 확인,"strict_trigger_date 주변 +/-3일의 site/subgroup/group_off 동시성, secondary-window gap, 동일 root 반복 여부 확인",전조형 고장,진행성 악화,2024-12-10,2024-11-06,2024-12-05,2024-12-06,2024-12-05,strict_trigger,29,high,ews_warning,접속 불량·부분 개방 계열,간헐 접촉저항형,medium,hold,common_cause,candidate subtype is held because site/strict-proximal common-cause evidence blocks individual panel precursor promotion,candidate subtype is held because site/strict-proximal common-cause evidence blocks individual panel precursor promotion,0,0,1,1,1,0,1,1,2024-11-06,prealarm_cond_ae_mid_or_hi,29,17,0,method_provenance_only_primary_marker_mismatch,audit_provenance_only,audit_provenance_only,BR008: audit_provenance_only; audit/provenance only and no event flip,none,confirmed_fault,confirmed_fault,개방/장치이상형,전압 변화형,RAW_OPEN_NOCRIT,확정고장이지만 vdrop/critical 증거가 약한 계열,"event_type=전조형 고장,algorithm_family=개방/장치이상형,critical_source=none,anom_subtype=confirmed_fault,gap_days=29,onset_method=ews_warning,site_or_strict_proximal_common_cause,family=open_connection_partial,recurrence_or_secondary_window",0
BR023-010,conalog,21ca22d1-a6fb-40cd-805c-cd3dcfcbb4ff.1.4,21ca22d1-a6fb-40cd-805c-cd3dcfcbb4ff,21ca22d1-a6fb-40cd-805c-cd3dcfcbb4ff.1,strict_trigger_proximal,P1_strict_proximal_vs_secondary_window_check,기본 hold: strict-proximal 공통원인 분리 전 subtype/전조 승격 금지,strict trigger와 common-cause anchor가 같은 날인 간헐 접촉저항형 형태를 개별 전조로 볼 근거가 있는지 확인,"strict_trigger_date 주변 +/-3일의 site/subgroup/group_off 동시성, secondary-window gap, 동일 root 반복 여부 확인",전조형 고장,진행성 악화,2024-12-10,2024-11-09,2024-12-05,2024-12-06,2024-12-05,strict_trigger,26,high,ews_warning,접속 불량·부분 개방 계열,간헐 접촉저항형,medium,hold,common_cause,candidate subtype is held because site/strict-proximal common-cause evidence blocks individual panel precursor promotion,candidate subtype is held because site/strict-proximal common-cause evidence blocks individual panel precursor promotion,0,0,1,1,1,0,1,1,2024-11-09,prealarm_cond_ae_mid_or_hi,26,12,0,method_provenance_only_primary_marker_mismatch,audit_provenance_only,audit_provenance_only,BR008: audit_provenance_only; audit/provenance only and no event flip,none,confirmed_fault,confirmed_fault,개방/장치이상형,전압 변화형,RAW_OPEN_NOCRIT,확정고장이지만 vdrop/critical 증거가 약한 계열,"event_type=전조형 고장,algorithm_family=개방/장치이상형,critical_source=none,anom_subtype=confirmed_fault,gap_days=26,onset_method=ews_warning,site_or_strict_proximal_common_cause,family=open_connection_partial,recurrence_or_secondary_window",0
BR023-011,conalog,21ca22d1-a6fb-40cd-805c-cd3dcfcbb4ff.2.1,21ca22d1-a6fb-40cd-805c-cd3dcfcbb4ff,21ca22d1-a6fb-40cd-805c-cd3dcfcbb4ff.2,strict_trigger_proximal,P1_strict_proximal_vs_secondary_window_check,기본 hold: strict-proximal 공통원인 분리 전 subtype/전조 승격 금지,strict trigger와 common-cause anchor가 같은 날인 간헐 접촉저항형 형태를 개별 전조로 볼 근거가 있는지 확인,"strict_trigger_date 주변 +/-3일의 site/subgroup/group_off 동시성, secondary-window gap, 동일 root 반복 여부 확인",전조형 고장,급격 종료,2024-12-10,2024-11-06,2024-12-05,2024-12-06,2024-12-05,strict_trigger,29,high,ews_warning,접속 불량·부분 개방 계열,간헐 접촉저항형,medium,hold,common_cause,candidate subtype is held because site/strict-proximal common-cause evidence blocks individual panel precursor promotion,candidate subtype is held because site/strict-proximal common-cause evidence blocks individual panel precursor promotion,0,0,1,1,1,0,1,1,2024-11-06,prealarm_cond_hs_mid_or_hi,29,16,0,method_provenance_only_primary_marker_mismatch,audit_provenance_only,audit_provenance_only,BR008: audit_provenance_only; audit/provenance only and no event flip,none,confirmed_fault,confirmed_fault,개방/장치이상형,전압 변화형,RAW_OPEN_NOCRIT,확정고장이지만 vdrop/critical 증거가 약한 계열,"event_type=전조형 고장,algorithm_family=개방/장치이상형,critical_source=none,anom_subtype=confirmed_fault,gap_days=29,onset_method=ews_warning,site_or_strict_proximal_common_cause,family=open_connection_partial,recurrence_or_secondary_window",0
BR023-012,conalog,21ca22d1-a6fb-40cd-805c-cd3dcfcbb4ff.2.2,21ca22d1-a6fb-40cd-805c-cd3dcfcbb4ff,21ca22d1-a6fb-40cd-805c-cd3dcfcbb4ff.2,strict_trigger_proximal,P1_strict_proximal_vs_secondary_window_check,기본 hold: strict-proximal 공통원인 분리 전 subtype/전조 승격 금지,strict trigger와 common-cause anchor가 같은 날인 간헐 접촉저항형 형태를 개별 전조로 볼 근거가 있는지 확인,"strict_trigger_date 주변 +/-3일의 site/subgroup/group_off 동시성, secondary-window gap, 동일 root 반복 여부 확인",전조형 고장,급격 종료,2024-12-10,2024-11-06,2024-12-05,2024-12-06,2024-12-05,strict_trigger,29,high,ews_warning,접속 불량·부분 개방 계열,간헐 접촉저항형,medium,hold,common_cause,candidate subtype is held because site/strict-proximal common-cause evidence blocks individual panel precursor promotion,candidate subtype is held because site/strict-proximal common-cause evidence blocks individual panel precursor promotion,0,0,1,1,1,0,1,1,2024-11-06,prealarm_cond_hs_mid_or_hi,29,14,0,method_provenance_only_primary_marker_mismatch,audit_provenance_only,audit_provenance_only,BR008: audit_provenance_only; audit/provenance only and no event flip,none,confirmed_fault,confirmed_fault,개방/장치이상형,전압 변화형,RAW_OPEN_NOCRIT,확정고장이지만 vdrop/critical 증거가 약한 계열,"event_type=전조형 고장,algorithm_family=개방/장치이상형,critical_source=none,anom_subtype=confirmed_fault,gap_days=29,onset_method=ews_warning,site_or_strict_proximal_common_cause,family=open_connection_partial,recurrence_or_secondary_window",0
BR023-013,conalog,a481180a-e538-42e2-b1aa-95f251c531bc.0.10,a481180a-e538-42e2-b1aa-95f251c531bc,a481180a-e538-42e2-b1aa-95f251c531bc.0,strict_trigger_proximal,P1_strict_proximal_vs_secondary_window_check,기본 hold: strict-proximal 공통원인 분리 전 subtype/전조 승격 금지,strict trigger와 common-cause anchor가 같은 날인 간헐 접촉저항형 형태를 개별 전조로 볼 근거가 있는지 확인,"strict_trigger_date 주변 +/-3일의 site/subgroup/group_off 동시성, secondary-window gap, 동일 root 반복 여부 확인",전조형 고장,진행성 악화,2024-12-10,2024-11-05,2024-12-05,2024-12-06,2024-12-05,strict_trigger,30,high,ews_warning,접속 불량·부분 개방 계열,간헐 접촉저항형,medium,hold,common_cause,candidate subtype is held because site/strict-proximal common-cause evidence blocks individual panel precursor promotion,candidate subtype is held because site/strict-proximal common-cause evidence blocks individual panel precursor promotion,0,0,1,1,1,0,1,1,2024-11-05,prealarm_cond_ae_mid_or_hi,30,33,0,method_provenance_only_primary_marker_mismatch,audit_provenance_only,audit_provenance_only,BR008: audit_provenance_only; audit/provenance only and no event flip,none,confirmed_fault,confirmed_fault,개방/장치이상형,전압 변화형,RAW_OPEN_NOCRIT,확정고장이지만 vdrop/critical 증거가 약한 계열,"event_type=전조형 고장,algorithm_family=개방/장치이상형,critical_source=none,anom_subtype=confirmed_fault,gap_days=30,onset_method=ews_warning,site_or_strict_proximal_common_cause,family=open_connection_partial,recurrence_or_secondary_window",0
BR023-014,conalog,a481180a-e538-42e2-b1aa-95f251c531bc.0.11,a481180a-e538-42e2-b1aa-95f251c531bc,a481180a-e538-42e2-b1aa-95f251c531bc.0,strict_trigger_proximal,P1_strict_proximal_vs_secondary_window_check,기본 hold: strict-proximal 공통원인 분리 전 subtype/전조 승격 금지,strict trigger와 common-cause anchor가 같은 날인 간헐 접촉저항형 형태를 개별 전조로 볼 근거가 있는지 확인,"strict_trigger_date 주변 +/-3일의 site/subgroup/group_off 동시성, secondary-window gap, 동일 root 반복 여부 확인",전조형 고장,진행성 악화,2024-12-10,2024-11-05,2024-12-05,2024-12-06,2024-12-05,strict_trigger,30,high,ews_warning,접속 불량·부분 개방 계열,간헐 접촉저항형,medium,hold,common_cause,candidate subtype is held because site/strict-proximal common-cause evidence blocks individual panel precursor promotion,candidate subtype is held because site/strict-proximal common-cause evidence blocks individual panel precursor promotion,0,0,1,1,1,0,1,1,2024-11-05,prealarm_cond_dtw_mid_or_hi,30,37,0,method_provenance_only_primary_marker_mismatch,audit_provenance_only,audit_provenance_only,BR008: audit_provenance_only; audit/provenance only and no event flip,none,confirmed_fault,confirmed_fault,개방/장치이상형,전압 변화형,RAW_OPEN_NOCRIT,확정고장이지만 vdrop/critical 증거가 약한 계열,"event_type=전조형 고장,algorithm_family=개방/장치이상형,critical_source=none,anom_subtype=confirmed_fault,gap_days=30,onset_method=ews_warning,site_or_strict_proximal_common_cause,family=open_connection_partial,recurrence_or_secondary_window",0
BR023-015,conalog,a481180a-e538-42e2-b1aa-95f251c531bc.0.12,a481180a-e538-42e2-b1aa-95f251c531bc,a481180a-e538-42e2-b1aa-95f251c531bc.0,strict_trigger_proximal,P1_strict_proximal_vs_secondary_window_check,기본 hold: strict-proximal 공통원인 분리 전 subtype/전조 승격 금지,strict trigger와 common-cause anchor가 같은 날인 간헐 접촉저항형 형태를 개별 전조로 볼 근거가 있는지 확인,"strict_trigger_date 주변 +/-3일의 site/subgroup/group_off 동시성, secondary-window gap, 동일 root 반복 여부 확인",전조형 고장,급격 종료,2024-12-10,2024-11-05,2024-12-05,2024-12-06,2024-12-05,strict_trigger,30,high,ews_warning,접속 불량·부분 개방 계열,간헐 접촉저항형,medium,hold,common_cause,candidate subtype is held because site/strict-proximal common-cause evidence blocks individual panel precursor promotion,candidate subtype is held because site/strict-proximal common-cause evidence blocks individual panel precursor promotion,0,0,1,1,1,0,1,1,2024-11-05,prealarm_cond_ae_mid_or_hi,30,37,0,method_provenance_only_primary_marker_mismatch,audit_provenance_only,audit_provenance_only,BR008: audit_provenance_only; audit/provenance only and no event flip,none,confirmed_fault,confirmed_fault,개방/장치이상형,전압 변화형,RAW_OPEN_NOCRIT,확정고장이지만 vdrop/critical 증거가 약한 계열,"event_type=전조형 고장,algorithm_family=개방/장치이상형,critical_source=none,anom_subtype=confirmed_fault,gap_days=30,onset_method=ews_warning,site_or_strict_proximal_common_cause,family=open_connection_partial,recurrence_or_secondary_window",0
BR023-021,conalog,a481180a-e538-42e2-b1aa-95f251c531bc.0.18,a481180a-e538-42e2-b1aa-95f251c531bc,a481180a-e538-42e2-b1aa-95f251c531bc.0,strict_trigger_proximal,P1_strict_proximal_vs_secondary_window_check,기본 hold: strict-proximal 공통원인 분리 전 subtype/전조 승격 금지,strict trigger와 common-cause anchor가 같은 날인 간헐 접촉저항형 형태를 개별 전조로 볼 근거가 있는지 확인,"strict_trigger_date 주변 +/-3일의 site/subgroup/group_off 동시성, secondary-window gap, 동일 root 반복 여부 확인",전조형 고장,진행성 악화,2024-12-10,2024-11-05,2024-12-05,2024-12-06,2024-12-05,strict_trigger,30,high,ews_warning,접속 불량·부분 개방 계열,간헐 접촉저항형,medium,hold,common_cause,candidate subtype is held because site/strict-proximal common-cause evidence blocks individual panel precursor promotion,candidate subtype is held because site/strict-proximal common-cause evidence blocks individual panel precursor promotion,0,0,1,1,1,0,1,1,2024-11-05,prealarm_cond_ae_mid_or_hi,30,47,0,method_provenance_only_primary_marker_mismatch,audit_provenance_only,audit_provenance_only,BR008: audit_provenance_only; audit/provenance only and no event flip,none,confirmed_fault,confirmed_fault,개방/장치이상형,전압 변화형,RAW_OPEN_NOCRIT,확정고장이지만 vdrop/critical 증거가 약한 계열,"event_type=전조형 고장,algorithm_family=개방/장치이상형,critical_source=none,anom_subtype=confirmed_fault,gap_days=30,onset_method=ews_warning,site_or_strict_proximal_common_cause,family=open_connection_partial,recurrence_or_secondary_window",0
BR023-016,conalog,a481180a-e538-42e2-b1aa-95f251c531bc.0.13,a481180a-e538-42e2-b1aa-95f251c531bc,a481180a-e538-42e2-b1aa-95f251c531bc.0,strict_trigger_proximal,P1_strict_proximal_vs_secondary_window_check,기본 hold: strict-proximal 공통원인 분리 전 subtype/전조 승격 금지,strict trigger와 common-cause anchor가 같은 날인 간헐 접촉저항형 형태를 개별 전조로 볼 근거가 있는지 확인,"strict_trigger_date 주변 +/-3일의 site/subgroup/group_off 동시성, secondary-window gap, 동일 root 반복 여부 확인",전조형 고장,진행성 악화,2024-12-10,2024-11-05,2024-12-06,2024-12-06,2024-12-06,strict_trigger,31,high,ews_warning,접속 불량·부분 개방 계열,간헐 접촉저항형,medium,hold,common_cause,candidate subtype is held because site/strict-proximal common-cause evidence blocks individual panel precursor promotion,candidate subtype is held because site/strict-proximal common-cause evidence blocks individual panel precursor promotion,0,0,1,1,1,0,1,1,2024-11-05,prealarm_cond_ae_mid_or_hi,31,34,0,method_provenance_only_primary_marker_mismatch,audit_provenance_only,audit_provenance_only,BR008: audit_provenance_only; audit/provenance only and no event flip,none,confirmed_fault,confirmed_fault,개방/장치이상형,전압 변화형,RAW_OPEN_NOCRIT,확정고장이지만 vdrop/critical 증거가 약한 계열,"event_type=전조형 고장,algorithm_family=개방/장치이상형,critical_source=none,anom_subtype=confirmed_fault,gap_days=31,onset_method=ews_warning,site_or_strict_proximal_common_cause,family=open_connection_partial,recurrence_or_secondary_window",0
BR023-017,conalog,a481180a-e538-42e2-b1aa-95f251c531bc.0.14,a481180a-e538-42e2-b1aa-95f251c531bc,a481180a-e538-42e2-b1aa-95f251c531bc.0,strict_trigger_proximal,P1_strict_proximal_vs_secondary_window_check,기본 hold: strict-proximal 공통원인 분리 전 subtype/전조 승격 금지,strict trigger와 common-cause anchor가 같은 날인 간헐 접촉저항형 형태를 개별 전조로 볼 근거가 있는지 확인,"strict_trigger_date 주변 +/-3일의 site/subgroup/group_off 동시성, secondary-window gap, 동일 root 반복 여부 확인",전조형 고장,진행성 악화,2024-12-10,2024-11-05,2024-12-06,2024-12-06,2024-12-06,strict_trigger,31,high,ews_warning,접속 불량·부분 개방 계열,간헐 접촉저항형,medium,hold,common_cause,candidate subtype is held because site/strict-proximal common-cause evidence blocks individual panel precursor promotion,candidate subtype is held because site/strict-proximal common-cause evidence blocks individual panel precursor promotion,0,0,1,1,1,0,1,1,2024-11-05,prealarm_cond_ae_mid_or_hi,31,29,0,method_provenance_only_primary_marker_mismatch,audit_provenance_only,audit_provenance_only,BR008: audit_provenance_only; audit/provenance only and no event flip,none,confirmed_fault,confirmed_fault,개방/장치이상형,전압 변화형,RAW_OPEN_NOCRIT,확정고장이지만 vdrop/critical 증거가 약한 계열,"event_type=전조형 고장,algorithm_family=개방/장치이상형,critical_source=none,anom_subtype=confirmed_fault,gap_days=31,onset_method=ews_warning,site_or_strict_proximal_common_cause,family=open_connection_partial,recurrence_or_secondary_window",0
BR023-018,conalog,a481180a-e538-42e2-b1aa-95f251c531bc.0.15,a481180a-e538-42e2-b1aa-95f251c531bc,a481180a-e538-42e2-b1aa-95f251c531bc.0,strict_trigger_proximal,P1_strict_proximal_vs_secondary_window_check,기본 hold: strict-proximal 공통원인 분리 전 subtype/전조 승격 금지,strict trigger와 common-cause anchor가 같은 날인 간헐 접촉저항형 형태를 개별 전조로 볼 근거가 있는지 확인,"strict_trigger_date 주변 +/-3일의 site/subgroup/group_off 동시성, secondary-window gap, 동일 root 반복 여부 확인",전조형 고장,진행성 악화,2024-12-10,2024-11-05,2024-12-06,2024-12-06,2024-12-06,strict_trigger,31,high,ews_warning,접속 불량·부분 개방 계열,간헐 접촉저항형,medium,hold,common_cause,candidate subtype is held because site/strict-proximal common-cause evidence blocks individual panel precursor promotion,candidate subtype is held because site/strict-proximal common-cause evidence blocks individual panel precursor promotion,0,0,1,1,1,0,1,1,2024-11-05,prealarm_cond_ae_mid_or_hi,31,35,0,method_provenance_only_primary_marker_mismatch,audit_provenance_only,audit_provenance_only,BR008: audit_provenance_only; audit/provenance only and no event flip,none,confirmed_fault,confirmed_fault,개방/장치이상형,전압 변화형,RAW_OPEN_NOCRIT,확정고장이지만 vdrop/critical 증거가 약한 계열,"event_type=전조형 고장,algorithm_family=개방/장치이상형,critical_source=none,anom_subtype=confirmed_fault,gap_days=31,onset_method=ews_warning,site_or_strict_proximal_common_cause,family=open_connection_partial,recurrence_or_secondary_window",0
BR023-019,conalog,a481180a-e538-42e2-b1aa-95f251c531bc.0.16,a481180a-e538-42e2-b1aa-95f251c531bc,a481180a-e538-42e2-b1aa-95f251c531bc.0,strict_trigger_proximal,P1_strict_proximal_vs_secondary_window_check,기본 hold: strict-proximal 공통원인 분리 전 subtype/전조 승격 금지,strict trigger와 common-cause anchor가 같은 날인 간헐 접촉저항형 형태를 개별 전조로 볼 근거가 있는지 확인,"strict_trigger_date 주변 +/-3일의 site/subgroup/group_off 동시성, secondary-window gap, 동일 root 반복 여부 확인",전조형 고장,진행성 악화,2024-12-10,2024-11-05,2024-12-06,2024-12-06,2024-12-06,strict_trigger,31,high,ews_warning,접속 불량·부분 개방 계열,간헐 접촉저항형,medium,hold,common_cause,candidate subtype is held because site/strict-proximal common-cause evidence blocks individual panel precursor promotion,candidate subtype is held because site/strict-proximal common-cause evidence blocks individual panel precursor promotion,0,0,1,1,1,0,1,1,2024-11-05,prealarm_cond_ae_mid_or_hi,31,34,0,method_provenance_only_primary_marker_mismatch,audit_provenance_only,audit_provenance_only,BR008: audit_provenance_only; audit/provenance only and no event flip,none,confirmed_fault,confirmed_fault,개방/장치이상형,전압 변화형,RAW_OPEN_NOCRIT,확정고장이지만 vdrop/critical 증거가 약한 계열,"event_type=전조형 고장,algorithm_family=개방/장치이상형,critical_source=none,anom_subtype=confirmed_fault,gap_days=31,onset_method=ews_warning,site_or_strict_proximal_common_cause,family=open_connection_partial,recurrence_or_secondary_window",0
BR023-020,conalog,a481180a-e538-42e2-b1aa-95f251c531bc.0.17,a481180a-e538-42e2-b1aa-95f251c531bc,a481180a-e538-42e2-b1aa-95f251c531bc.0,strict_trigger_proximal,P1_strict_proximal_vs_secondary_window_check,기본 hold: strict-proximal 공통원인 분리 전 subtype/전조 승격 금지,strict trigger와 common-cause anchor가 같은 날인 간헐 접촉저항형 형태를 개별 전조로 볼 근거가 있는지 확인,"strict_trigger_date 주변 +/-3일의 site/subgroup/group_off 동시성, secondary-window gap, 동일 root 반복 여부 확인",전조형 고장,진행성 악화,2024-12-10,2024-11-05,2024-12-06,2024-12-06,2024-12-06,strict_trigger,31,high,ews_warning,접속 불량·부분 개방 계열,간헐 접촉저항형,medium,hold,common_cause,candidate subtype is held because site/strict-proximal common-cause evidence blocks individual panel precursor promotion,candidate subtype is held because site/strict-proximal common-cause evidence blocks individual panel precursor promotion,0,0,1,1,1,0,1,1,2024-11-05,prealarm_cond_dtw_mid_or_hi,31,34,0,method_provenance_only_primary_marker_mismatch,audit_provenance_only,audit_provenance_only,BR008: audit_provenance_only; audit/provenance only and no event flip,none,confirmed_fault,confirmed_fault,개방/장치이상형,전압 변화형,RAW_OPEN_NOCRIT,확정고장이지만 vdrop/critical 증거가 약한 계열,"event_type=전조형 고장,algorithm_family=개방/장치이상형,critical_source=none,anom_subtype=confirmed_fault,gap_days=31,onset_method=ews_warning,site_or_strict_proximal_common_cause,family=open_connection_partial,recurrence_or_secondary_window",0
BR023-022,conalog,a481180a-e538-42e2-b1aa-95f251c531bc.1.10,a481180a-e538-42e2-b1aa-95f251c531bc,a481180a-e538-42e2-b1aa-95f251c531bc.1,strict_trigger_proximal,P1_strict_proximal_vs_secondary_window_check,기본 hold: strict-proximal 공통원인 분리 전 subtype/전조 승격 금지,strict trigger와 common-cause anchor가 같은 날인 간헐 접촉저항형 형태를 개별 전조로 볼 근거가 있는지 확인,"strict_trigger_date 주변 +/-3일의 site/subgroup/group_off 동시성, secondary-window gap, 동일 root 반복 여부 확인",전조형 고장,진행성 악화,2024-12-10,2024-11-05,2024-12-05,2024-12-06,2024-12-05,strict_trigger,30,high,ews_warning,접속 불량·부분 개방 계열,간헐 접촉저항형,medium,hold,common_cause,candidate subtype is held because site/strict-proximal common-cause evidence blocks individual panel precursor promotion,candidate subtype is held because site/strict-proximal common-cause evidence blocks individual panel precursor promotion,0,0,1,1,1,0,1,1,2024-11-05,prealarm_cond_ae_mid_or_hi,30,40,0,method_provenance_only_primary_marker_mismatch,audit_provenance_only,audit_provenance_only,BR008: audit_provenance_only; audit/provenance only and no event flip,none,confirmed_fault,confirmed_fault,개방/장치이상형,전압 변화형,RAW_OPEN_NOCRIT,확정고장이지만 vdrop/critical 증거가 약한 계열,"event_type=전조형 고장,algorithm_family=개방/장치이상형,critical_source=none,anom_subtype=confirmed_fault,gap_days=30,onset_method=ews_warning,site_or_strict_proximal_common_cause,family=open_connection_partial,recurrence_or_secondary_window",0
BR023-023,conalog,a481180a-e538-42e2-b1aa-95f251c531bc.1.11,a481180a-e538-42e2-b1aa-95f251c531bc,a481180a-e538-42e2-b1aa-95f251c531bc.1,strict_trigger_proximal,P1_strict_proximal_vs_secondary_window_check,기본 hold: strict-proximal 공통원인 분리 전 subtype/전조 승격 금지,strict trigger와 common-cause anchor가 같은 날인 간헐 접촉저항형 형태를 개별 전조로 볼 근거가 있는지 확인,"strict_trigger_date 주변 +/-3일의 site/subgroup/group_off 동시성, secondary-window gap, 동일 root 반복 여부 확인",전조형 고장,진행성 악화,2024-12-10,2024-11-05,2024-12-05,2024-12-06,2024-12-05,strict_trigger,30,high,ews_warning,접속 불량·부분 개방 계열,간헐 접촉저항형,medium,hold,common_cause,candidate subtype is held because site/strict-proximal common-cause evidence blocks individual panel precursor promotion,candidate subtype is held because site/strict-proximal common-cause evidence blocks individual panel precursor promotion,0,0,1,1,1,0,1,1,2024-11-05,prealarm_cond_ae_mid_or_hi,30,40,0,method_provenance_only_primary_marker_mismatch,audit_provenance_only,audit_provenance_only,BR008: audit_provenance_only; audit/provenance only and no event flip,none,confirmed_fault,confirmed_fault,개방/장치이상형,전압 변화형,RAW_OPEN_NOCRIT,확정고장이지만 vdrop/critical 증거가 약한 계열,"event_type=전조형 고장,algorithm_family=개방/장치이상형,critical_source=none,anom_subtype=confirmed_fault,gap_days=30,onset_method=ews_warning,site_or_strict_proximal_common_cause,family=open_connection_partial,recurrence_or_secondary_window",0
BR023-024,conalog,a481180a-e538-42e2-b1aa-95f251c531bc.1.12,a481180a-e538-42e2-b1aa-95f251c531bc,a481180a-e538-42e2-b1aa-95f251c531bc.1,strict_trigger_proximal,P1_strict_proximal_vs_secondary_window_check,기본 hold: strict-proximal 공통원인 분리 전 subtype/전조 승격 금지,strict trigger와 common-cause anchor가 같은 날인 간헐 접촉저항형 형태를 개별 전조로 볼 근거가 있는지 확인,"strict_trigger_date 주변 +/-3일의 site/subgroup/group_off 동시성, secondary-window gap, 동일 root 반복 여부 확인",전조형 고장,진행성 악화,2024-12-10,2024-11-05,2024-12-05,2024-12-06,2024-12-05,strict_trigger,30,high,ews_warning,접속 불량·부분 개방 계열,간헐 접촉저항형,medium,hold,common_cause,candidate subtype is held because site/strict-proximal common-cause evidence blocks individual panel precursor promotion,candidate subtype is held because site/strict-proximal common-cause evidence blocks individual panel precursor promotion,0,0,1,1,1,0,1,1,2024-11-05,prealarm_cond_dtw_mid_or_hi,30,36,0,method_provenance_only_primary_marker_mismatch,audit_provenance_only,audit_provenance_only,BR008: audit_provenance_only; audit/provenance only and no event flip,none,confirmed_fault,confirmed_fault,개방/장치이상형,전압 변화형,RAW_OPEN_NOCRIT,확정고장이지만 vdrop/critical 증거가 약한 계열,"event_type=전조형 고장,algorithm_family=개방/장치이상형,critical_source=none,anom_subtype=confirmed_fault,gap_days=30,onset_method=ews_warning,site_or_strict_proximal_common_cause,family=open_connection_partial,recurrence_or_secondary_window",0
BR023-025,conalog,a481180a-e538-42e2-b1aa-95f251c531bc.1.13,a481180a-e538-42e2-b1aa-95f251c531bc,a481180a-e538-42e2-b1aa-95f251c531bc.1,strict_trigger_proximal,P1_strict_proximal_vs_secondary_window_check,기본 hold: strict-proximal 공통원인 분리 전 subtype/전조 승격 금지,strict trigger와 common-cause anchor가 같은 날인 간헐 접촉저항형 형태를 개별 전조로 볼 근거가 있는지 확인,"strict_trigger_date 주변 +/-3일의 site/subgroup/group_off 동시성, secondary-window gap, 동일 root 반복 여부 확인",전조형 고장,진행성 악화,2024-12-10,2024-11-05,2024-12-05,2024-12-06,2024-12-05,strict_trigger,30,high,ews_warning,접속 불량·부분 개방 계열,간헐 접촉저항형,medium,hold,common_cause,candidate subtype is held because site/strict-proximal common-cause evidence blocks individual panel precursor promotion,candidate subtype is held because site/strict-proximal common-cause evidence blocks individual panel precursor promotion,0,0,1,1,1,0,1,1,2024-11-05,prealarm_cond_ae_mid_or_hi,30,41,0,method_provenance_only_primary_marker_mismatch,audit_provenance_only,audit_provenance_only,BR008: audit_provenance_only; audit/provenance only and no event flip,none,confirmed_fault,confirmed_fault,개방/장치이상형,전압 변화형,RAW_OPEN_NOCRIT,확정고장이지만 vdrop/critical 증거가 약한 계열,"event_type=전조형 고장,algorithm_family=개방/장치이상형,critical_source=none,anom_subtype=confirmed_fault,gap_days=30,onset_method=ews_warning,site_or_strict_proximal_common_cause,family=open_connection_partial,recurrence_or_secondary_window",0
BR023-026,conalog,a481180a-e538-42e2-b1aa-95f251c531bc.1.14,a481180a-e538-42e2-b1aa-95f251c531bc,a481180a-e538-42e2-b1aa-95f251c531bc.1,strict_trigger_proximal,P1_strict_proximal_vs_secondary_window_check,기본 hold: strict-proximal 공통원인 분리 전 subtype/전조 승격 금지,strict trigger와 common-cause anchor가 같은 날인 간헐 접촉저항형 형태를 개별 전조로 볼 근거가 있는지 확인,"strict_trigger_date 주변 +/-3일의 site/subgroup/group_off 동시성, secondary-window gap, 동일 root 반복 여부 확인",전조형 고장,진행성 악화,2024-12-10,2024-11-05,2024-12-05,2024-12-06,2024-12-05,strict_trigger,30,high,ews_warning,접속 불량·부분 개방 계열,간헐 접촉저항형,medium,hold,common_cause,candidate subtype is held because site/strict-proximal common-cause evidence blocks individual panel precursor promotion,candidate subtype is held because site/strict-proximal common-cause evidence blocks individual panel precursor promotion,0,0,1,1,1,0,1,1,2024-11-05,prealarm_cond_ae_mid_or_hi,30,38,0,method_provenance_only_primary_marker_mismatch,audit_provenance_only,audit_provenance_only,BR008: audit_provenance_only; audit/provenance only and no event flip,none,confirmed_fault,confirmed_fault,개방/장치이상형,전압 변화형,RAW_OPEN_NOCRIT,확정고장이지만 vdrop/critical 증거가 약한 계열,"event_type=전조형 고장,algorithm_family=개방/장치이상형,critical_source=none,anom_subtype=confirmed_fault,gap_days=30,onset_method=ews_warning,site_or_strict_proximal_common_cause,family=open_connection_partial,recurrence_or_secondary_window",0
BR023-027,conalog,a481180a-e538-42e2-b1aa-95f251c531bc.1.15,a481180a-e538-42e2-b1aa-95f251c531bc,a481180a-e538-42e2-b1aa-95f251c531bc.1,strict_trigger_proximal,P1_strict_proximal_vs_secondary_window_check,기본 hold: strict-proximal 공통원인 분리 전 subtype/전조 승격 금지,strict trigger와 common-cause anchor가 같은 날인 간헐 접촉저항형 형태를 개별 전조로 볼 근거가 있는지 확인,"strict_trigger_date 주변 +/-3일의 site/subgroup/group_off 동시성, secondary-window gap, 동일 root 반복 여부 확인",전조형 고장,급격 종료,2024-12-10,2024-11-05,2024-12-05,2024-12-06,2024-12-05,strict_trigger,30,high,ews_warning,접속 불량·부분 개방 계열,간헐 접촉저항형,medium,hold,common_cause,candidate subtype is held because site/strict-proximal common-cause evidence blocks individual panel precursor promotion,candidate subtype is held because site/strict-proximal common-cause evidence blocks individual panel precursor promotion,0,0,1,1,1,0,1,1,2024-11-05,prealarm_cond_ae_mid_or_hi,30,37,0,method_provenance_only_primary_marker_mismatch,audit_provenance_only,audit_provenance_only,BR008: audit_provenance_only; audit/provenance only and no event flip,none,confirmed_fault,confirmed_fault,개방/장치이상형,전압 변화형,RAW_OPEN_NOCRIT,확정고장이지만 vdrop/critical 증거가 약한 계열,"event_type=전조형 고장,algorithm_family=개방/장치이상형,critical_source=none,anom_subtype=confirmed_fault,gap_days=30,onset_method=ews_warning,site_or_strict_proximal_common_cause,family=open_connection_partial,recurrence_or_secondary_window",0
BR023-028,conalog,a481180a-e538-42e2-b1aa-95f251c531bc.1.16,a481180a-e538-42e2-b1aa-95f251c531bc,a481180a-e538-42e2-b1aa-95f251c531bc.1,strict_trigger_proximal,P1_strict_proximal_vs_secondary_window_check,기본 hold: strict-proximal 공통원인 분리 전 subtype/전조 승격 금지,strict trigger와 common-cause anchor가 같은 날인 간헐 접촉저항형 형태를 개별 전조로 볼 근거가 있는지 확인,"strict_trigger_date 주변 +/-3일의 site/subgroup/group_off 동시성, secondary-window gap, 동일 root 반복 여부 확인",전조형 고장,급격 종료,2024-12-10,2024-11-05,2024-12-05,2024-12-06,2024-12-05,strict_trigger,30,high,ews_warning,접속 불량·부분 개방 계열,간헐 접촉저항형,medium,hold,common_cause,candidate subtype is held because site/strict-proximal common-cause evidence blocks individual panel precursor promotion,candidate subtype is held because site/strict-proximal common-cause evidence blocks individual panel precursor promotion,0,0,1,1,1,0,1,1,2024-11-05,prealarm_cond_ae_mid_or_hi,30,34,0,method_provenance_only_primary_marker_mismatch,audit_provenance_only,audit_provenance_only,BR008: audit_provenance_only; audit/provenance only and no event flip,none,confirmed_fault,confirmed_fault,개방/장치이상형,전압 변화형,RAW_OPEN_NOCRIT,확정고장이지만 vdrop/critical 증거가 약한 계열,"event_type=전조형 고장,algorithm_family=개방/장치이상형,critical_source=none,anom_subtype=confirmed_fault,gap_days=30,onset_method=ews_warning,site_or_strict_proximal_common_cause,family=open_connection_partial,recurrence_or_secondary_window",0
BR023-029,conalog,a481180a-e538-42e2-b1aa-95f251c531bc.1.17,a481180a-e538-42e2-b1aa-95f251c531bc,a481180a-e538-42e2-b1aa-95f251c531bc.1,strict_trigger_proximal,P1_strict_proximal_vs_secondary_window_check,기본 hold: strict-proximal 공통원인 분리 전 subtype/전조 승격 금지,strict trigger와 common-cause anchor가 같은 날인 간헐 접촉저항형 형태를 개별 전조로 볼 근거가 있는지 확인,"strict_trigger_date 주변 +/-3일의 site/subgroup/group_off 동시성, secondary-window gap, 동일 root 반복 여부 확인",전조형 고장,급격 종료,2024-12-10,2024-11-05,2024-12-05,2024-12-06,2024-12-05,strict_trigger,30,high,ews_warning,접속 불량·부분 개방 계열,간헐 접촉저항형,medium,hold,common_cause,candidate subtype is held because site/strict-proximal common-cause evidence blocks individual panel precursor promotion,candidate subtype is held because site/strict-proximal common-cause evidence blocks individual panel precursor promotion,0,0,1,1,1,0,1,1,2024-11-05,prealarm_cond_dtw_mid_or_hi,30,32,0,method_provenance_only_primary_marker_mismatch,audit_provenance_only,audit_provenance_only,BR008: audit_provenance_only; audit/provenance only and no event flip,none,confirmed_fault,confirmed_fault,개방/장치이상형,전압 변화형,RAW_OPEN_NOCRIT,확정고장이지만 vdrop/critical 증거가 약한 계열,"event_type=전조형 고장,algorithm_family=개방/장치이상형,critical_source=none,anom_subtype=confirmed_fault,gap_days=30,onset_method=ews_warning,site_or_strict_proximal_common_cause,family=open_connection_partial,recurrence_or_secondary_window",0
BR023-030,conalog,a481180a-e538-42e2-b1aa-95f251c531bc.1.18,a481180a-e538-42e2-b1aa-95f251c531bc,a481180a-e538-42e2-b1aa-95f251c531bc.1,strict_trigger_proximal,P1_strict_proximal_vs_secondary_window_check,기본 hold: strict-proximal 공통원인 분리 전 subtype/전조 승격 금지,strict trigger와 common-cause anchor가 같은 날인 간헐 접촉저항형 형태를 개별 전조로 볼 근거가 있는지 확인,"strict_trigger_date 주변 +/-3일의 site/subgroup/group_off 동시성, secondary-window gap, 동일 root 반복 여부 확인",전조형 고장,진행성 악화,2024-12-10,2024-11-05,2024-12-05,2024-12-06,2024-12-05,strict_trigger,30,high,ews_warning,접속 불량·부분 개방 계열,간헐 접촉저항형,medium,hold,common_cause,candidate subtype is held because site/strict-proximal common-cause evidence blocks individual panel precursor promotion,candidate subtype is held because site/strict-proximal common-cause evidence blocks individual panel precursor promotion,0,0,1,1,1,0,1,1,2024-11-05,prealarm_cond_ae_mid_or_hi,30,26,0,method_provenance_only_primary_marker_mismatch,audit_provenance_only,audit_provenance_only,BR008: audit_provenance_only; audit/provenance only and no event flip,none,confirmed_fault,confirmed_fault,개방/장치이상형,전압 변화형,RAW_OPEN_NOCRIT,확정고장이지만 vdrop/critical 증거가 약한 계열,"event_type=전조형 고장,algorithm_family=개방/장치이상형,critical_source=none,anom_subtype=confirmed_fault,gap_days=30,onset_method=ews_warning,site_or_strict_proximal_common_cause,family=open_connection_partial,recurrence_or_secondary_window",0
BR023-031,conalog,d0a55fe4-4fb3-4dd3-8c11-d1144442db27.1.11,d0a55fe4-4fb3-4dd3-8c11-d1144442db27,d0a55fe4-4fb3-4dd3-8c11-d1144442db27.1,strict_trigger_proximal,P1_strict_proximal_vs_secondary_window_check,기본 hold: strict-proximal 공통원인 분리 전 subtype/전조 승격 금지,strict trigger와 common-cause anchor가 같은 날인 간헐 접촉저항형 형태를 개별 전조로 볼 근거가 있는지 확인,"strict_trigger_date 주변 +/-3일의 site/subgroup/group_off 동시성, secondary-window gap, 동일 root 반복 여부 확인",전조형 고장,급격 종료,2024-12-10,2024-11-05,2024-12-05,2024-12-06,2024-12-05,strict_trigger,30,high,ews_warning,접속 불량·부분 개방 계열,간헐 접촉저항형,medium,hold,common_cause,candidate subtype is held because site/strict-proximal common-cause evidence blocks individual panel precursor promotion,candidate subtype is held because site/strict-proximal common-cause evidence blocks individual panel precursor promotion,0,0,1,1,1,0,1,1,2024-11-05,prealarm_cond_ae_mid_or_hi,30,12,0,method_provenance_only_primary_marker_mismatch,audit_provenance_only,audit_provenance_only,BR008: audit_provenance_only; audit/provenance only and no event flip,none,confirmed_fault,confirmed_fault,개방/장치이상형,전압 변화형,RAW_OPEN_NOCRIT,확정고장이지만 vdrop/critical 증거가 약한 계열,"event_type=전조형 고장,algorithm_family=개방/장치이상형,critical_source=none,anom_subtype=confirmed_fault,gap_days=30,onset_method=ews_warning,site_or_strict_proximal_common_cause,family=open_connection_partial,recurrence_or_secondary_window",0
BR023-032,conalog,d0a55fe4-4fb3-4dd3-8c11-d1144442db27.1.14,d0a55fe4-4fb3-4dd3-8c11-d1144442db27,d0a55fe4-4fb3-4dd3-8c11-d1144442db27.1,strict_trigger_proximal,P1_strict_proximal_vs_secondary_window_check,기본 hold: strict-proximal 공통원인 분리 전 subtype/전조 승격 금지,strict trigger와 common-cause anchor가 같은 날인 간헐 접촉저항형 형태를 개별 전조로 볼 근거가 있는지 확인,"strict_trigger_date 주변 +/-3일의 site/subgroup/group_off 동시성, secondary-window gap, 동일 root 반복 여부 확인",전조형 고장,급격 종료,2024-12-10,2024-11-07,2024-12-05,2024-12-06,2024-12-05,strict_trigger,28,high,ews_warning,접속 불량·부분 개방 계열,간헐 접촉저항형,medium,hold,common_cause,candidate subtype is held because site/strict-proximal common-cause evidence blocks individual panel precursor promotion,candidate subtype is held because site/strict-proximal common-cause evidence blocks individual panel precursor promotion,0,0,1,1,1,0,1,1,2024-11-07,prealarm_cond_ae_mid_or_hi,28,28,0,method_provenance_only_primary_marker_mismatch,audit_provenance_only,audit_provenance_only,BR008: audit_provenance_only; audit/provenance only and no event flip,none,confirmed_fault,confirmed_fault,개방/장치이상형,전압 변화형,RAW_OPEN_NOCRIT,확정고장이지만 vdrop/critical 증거가 약한 계열,"event_type=전조형 고장,algorithm_family=개방/장치이상형,critical_source=none,anom_subtype=confirmed_fault,gap_days=28,onset_method=ews_warning,site_or_strict_proximal_common_cause,family=open_connection_partial,recurrence_or_secondary_window",0
BR023-033,conalog,d0a55fe4-4fb3-4dd3-8c11-d1144442db27.1.15,d0a55fe4-4fb3-4dd3-8c11-d1144442db27,d0a55fe4-4fb3-4dd3-8c11-d1144442db27.1,strict_trigger_proximal,P1_strict_proximal_vs_secondary_window_check,기본 hold: strict-proximal 공통원인 분리 전 subtype/전조 승격 금지,strict trigger와 common-cause anchor가 같은 날인 간헐 접촉저항형 형태를 개별 전조로 볼 근거가 있는지 확인,"strict_trigger_date 주변 +/-3일의 site/subgroup/group_off 동시성, secondary-window gap, 동일 root 반복 여부 확인",전조형 고장,급격 종료,2024-12-10,2024-11-07,2024-12-05,2024-12-06,2024-12-05,strict_trigger,28,high,ews_warning,접속 불량·부분 개방 계열,간헐 접촉저항형,medium,hold,common_cause,candidate subtype is held because site/strict-proximal common-cause evidence blocks individual panel precursor promotion,candidate subtype is held because site/strict-proximal common-cause evidence blocks individual panel precursor promotion,0,0,1,1,1,0,1,1,2024-11-07,prealarm_cond_ae_mid_or_hi,28,24,0,method_provenance_only_primary_marker_mismatch,audit_provenance_only,audit_provenance_only,BR008: audit_provenance_only; audit/provenance only and no event flip,none,confirmed_fault,confirmed_fault,개방/장치이상형,전압 변화형,RAW_OPEN_NOCRIT,확정고장이지만 vdrop/critical 증거가 약한 계열,"event_type=전조형 고장,algorithm_family=개방/장치이상형,critical_source=none,anom_subtype=confirmed_fault,gap_days=28,onset_method=ews_warning,site_or_strict_proximal_common_cause,family=open_connection_partial,recurrence_or_secondary_window",0
BR023-034,conalog,d0a55fe4-4fb3-4dd3-8c11-d1144442db27.1.17,d0a55fe4-4fb3-4dd3-8c11-d1144442db27,d0a55fe4-4fb3-4dd3-8c11-d1144442db27.1,strict_trigger_proximal,P1_strict_proximal_vs_secondary_window_check,기본 hold: strict-proximal 공통원인 분리 전 subtype/전조 승격 금지,strict trigger와 common-cause anchor가 같은 날인 간헐 접촉저항형 형태를 개별 전조로 볼 근거가 있는지 확인,"strict_trigger_date 주변 +/-3일의 site/subgroup/group_off 동시성, secondary-window gap, 동일 root 반복 여부 확인",전조형 고장,급격 종료,2024-12-10,2024-11-07,2024-12-05,2024-12-06,2024-12-05,strict_trigger,28,high,ews_warning,접속 불량·부분 개방 계열,간헐 접촉저항형,medium,hold,common_cause,candidate subtype is held because site/strict-proximal common-cause evidence blocks individual panel precursor promotion,candidate subtype is held because site/strict-proximal common-cause evidence blocks individual panel precursor promotion,0,0,1,1,1,0,1,1,2024-11-07,prealarm_cond_ae_mid_or_hi,28,14,0,method_provenance_only_primary_marker_mismatch,audit_provenance_only,audit_provenance_only,BR008: audit_provenance_only; audit/provenance only and no event flip,none,confirmed_fault,confirmed_fault,개방/장치이상형,전압 변화형,RAW_OPEN_NOCRIT,확정고장이지만 vdrop/critical 증거가 약한 계열,"event_type=전조형 고장,algorithm_family=개방/장치이상형,critical_source=none,anom_subtype=confirmed_fault,gap_days=28,onset_method=ews_warning,site_or_strict_proximal_common_cause,family=open_connection_partial,recurrence_or_secondary_window",0
BR023-035,conalog,d0a55fe4-4fb3-4dd3-8c11-d1144442db27.1.18,d0a55fe4-4fb3-4dd3-8c11-d1144442db27,d0a55fe4-4fb3-4dd3-8c11-d1144442db27.1,strict_trigger_proximal,P1_strict_proximal_vs_secondary_window_check,기본 hold: strict-proximal 공통원인 분리 전 subtype/전조 승격 금지,strict trigger와 common-cause anchor가 같은 날인 간헐 접촉저항형 형태를 개별 전조로 볼 근거가 있는지 확인,"strict_trigger_date 주변 +/-3일의 site/subgroup/group_off 동시성, secondary-window gap, 동일 root 반복 여부 확인",전조형 고장,급격 종료,2024-12-10,2024-11-05,2024-12-05,2024-12-06,2024-12-05,strict_trigger,30,high,ews_warning,접속 불량·부분 개방 계열,간헐 접촉저항형,medium,hold,common_cause,candidate subtype is held because site/strict-proximal common-cause evidence blocks individual panel precursor promotion,candidate subtype is held because site/strict-proximal common-cause evidence blocks individual panel precursor promotion,0,0,1,1,1,0,1,1,2024-11-05,prealarm_cond_hs_mid_or_hi,30,7,0,method_provenance_only_primary_marker_mismatch,audit_provenance_only,audit_provenance_only,BR008: audit_provenance_only; audit/provenance only and no event flip,none,confirmed_fault,confirmed_fault,개방/장치이상형,전압 변화형,RAW_OPEN_NOCRIT,확정고장이지만 vdrop/critical 증거가 약한 계열,"event_type=전조형 고장,algorithm_family=개방/장치이상형,critical_source=none,anom_subtype=confirmed_fault,gap_days=30,onset_method=ews_warning,site_or_strict_proximal_common_cause,family=open_connection_partial,recurrence_or_secondary_window",0
BR023-036,conalog,d0a55fe4-4fb3-4dd3-8c11-d1144442db27.2.10,d0a55fe4-4fb3-4dd3-8c11-d1144442db27,d0a55fe4-4fb3-4dd3-8c11-d1144442db27.2,strict_trigger_proximal,P2_strict_proximal_anchor_check,기본 hold: strict-proximal 공통원인 분리 전 subtype/전조 승격 금지,strict trigger와 common-cause anchor가 같은 날인 간헐 접촉저항형 형태를 개별 전조로 볼 근거가 있는지 확인,"strict_trigger_date 주변 +/-3일의 site/subgroup/group_off 동시성, secondary-window gap, 동일 root 반복 여부 확인",전조형 고장,급격 종료,2024-11-05,2024-11-05,2024-12-05,2024-12-06,2024-12-05,strict_trigger,30,high,prealarm_cond_hs_mid_or_hi,접속 불량·부분 개방 계열,간헐 접촉저항형,medium,hold,common_cause,candidate subtype is held because site/strict-proximal common-cause evidence blocks individual panel precursor promotion,candidate subtype is held because site/strict-proximal common-cause evidence blocks individual panel precursor promotion,0,0,1,1,1,0,1,0,,,0,25,0,,,,,none,confirmed_fault,confirmed_fault,개방/장치이상형,전압 변화형,RAW_OPEN_NOCRIT,확정고장이지만 vdrop/critical 증거가 약한 계열,"event_type=전조형 고장,algorithm_family=개방/장치이상형,critical_source=none,anom_subtype=confirmed_fault,gap_days=30,onset_method=prealarm_cond_hs_mid_or_hi,site_or_strict_proximal_common_cause,family=open_connection_partial,recurrence_or_secondary_window",0
BR023-037,conalog,d0a55fe4-4fb3-4dd3-8c11-d1144442db27.2.11,d0a55fe4-4fb3-4dd3-8c11-d1144442db27,d0a55fe4-4fb3-4dd3-8c11-d1144442db27.2,strict_trigger_proximal,P2_strict_proximal_anchor_check,기본 hold: strict-proximal 공통원인 분리 전 subtype/전조 승격 금지,strict trigger와 common-cause anchor가 같은 날인 간헐 접촉저항형 형태를 개별 전조로 볼 근거가 있는지 확인,"strict_trigger_date 주변 +/-3일의 site/subgroup/group_off 동시성, secondary-window gap, 동일 root 반복 여부 확인",전조형 고장,급격 종료,2024-11-06,2024-11-06,2024-12-05,2024-12-06,2024-12-05,strict_trigger,29,high,prealarm_cond_hs_mid_or_hi,접속 불량·부분 개방 계열,간헐 접촉저항형,medium,hold,common_cause,candidate subtype is held because site/strict-proximal common-cause evidence blocks individual panel precursor promotion,candidate subtype is held because site/strict-proximal common-cause evidence blocks individual panel precursor promotion,0,0,1,1,1,0,1,0,,,0,25,0,,,,,none,confirmed_fault,confirmed_fault,개방/장치이상형,전압 변화형,RAW_OPEN_NOCRIT,확정고장이지만 vdrop/critical 증거가 약한 계열,"event_type=전조형 고장,algorithm_family=개방/장치이상형,critical_source=none,anom_subtype=confirmed_fault,gap_days=29,onset_method=prealarm_cond_hs_mid_or_hi,site_or_strict_proximal_common_cause,family=open_connection_partial,recurrence_or_secondary_window",0
BR023-038,conalog,d0a55fe4-4fb3-4dd3-8c11-d1144442db27.2.9,d0a55fe4-4fb3-4dd3-8c11-d1144442db27,d0a55fe4-4fb3-4dd3-8c11-d1144442db27.2,strict_trigger_proximal,P2_strict_proximal_anchor_check,기본 hold: strict-proximal 공통원인 분리 전 subtype/전조 승격 금지,strict trigger와 common-cause anchor가 같은 날인 간헐 접촉저항형 형태를 개별 전조로 볼 근거가 있는지 확인,"strict_trigger_date 주변 +/-3일의 site/subgroup/group_off 동시성, secondary-window gap, 동일 root 반복 여부 확인",전조형 고장,급격 종료,2024-11-06,2024-11-06,2024-12-05,2024-12-06,2024-12-05,strict_trigger,29,high,prealarm_cond_hs_mid_or_hi,접속 불량·부분 개방 계열,간헐 접촉저항형,medium,hold,common_cause,candidate subtype is held because site/strict-proximal common-cause evidence blocks individual panel precursor promotion,candidate subtype is held because site/strict-proximal common-cause evidence blocks individual panel precursor promotion,0,0,1,1,1,0,1,0,,,0,22,0,,,,,none,confirmed_fault,confirmed_fault,개방/장치이상형,전압 변화형,RAW_OPEN_NOCRIT,확정고장이지만 vdrop/critical 증거가 약한 계열,"event_type=전조형 고장,algorithm_family=개방/장치이상형,critical_source=none,anom_subtype=confirmed_fault,gap_days=29,onset_method=prealarm_cond_hs_mid_or_hi,site_or_strict_proximal_common_cause,family=open_connection_partial,recurrence_or_secondary_window",0
BR023-041,gangui,4fd0c566-e25e-4d51-96ca-57cc46940593.0.15,4fd0c566-e25e-4d51-96ca-57cc46940593,4fd0c566-e25e-4d51-96ca-57cc46940593.0,strict_trigger_proximal,P1_strict_proximal_vs_secondary_window_check,기본 hold: strict-proximal 공통원인 분리 전 subtype/전조 승격 금지,strict trigger와 common-cause anchor가 같은 날인 bypass diode 동작·고장 의심형 형태를 개별 전조로 볼 근거가 있는지 확인,"strict_trigger_date 주변 +/-3일의 site/subgroup/group_off 동시성, secondary-window gap, 동일 root 반복 여부 확인",전조형 고장,진행성 악화,2025-11-17,2025-11-14,2025-11-17,,2025-11-17,strict_trigger,3,medium,anom_subtype:degradation,다이오드·서브스트링 계열,bypass diode 동작·고장 의심형,medium,hold,common_cause,candidate subtype is held because site/strict-proximal common-cause evidence blocks individual panel precursor promotion,candidate subtype is held because site/strict-proximal common-cause evidence blocks individual panel precursor promotion,0,1,1,1,1,1,1,1,2025-07-20,prealarm_cond_ae_mid_or_hi,120,76,30,degradation_fallback_replaced_by_secondary,audit_no_event_flip,audit_provenance_only,BR008: audit_no_event_flip; audit/provenance only and no event flip,vdrop,degraded_or_shadow,degradation_steady,모듈손상형,출력 저하형,RAW_MODULE_PROGRESSIVE,알고리즘상 진행성 열화 계열,"event_type=전조형 고장,algorithm_family=모듈손상형,critical_source=vdrop,anom_subtype=degradation_steady,gap_days=3,onset_method=anom_subtype:degradation,site_or_strict_proximal_common_cause,family=diode_substring,vi_ratio_shape",0
BR023-039,gangui,4fd0c566-e25e-4d51-96ca-57cc46940593.0.12,4fd0c566-e25e-4d51-96ca-57cc46940593,4fd0c566-e25e-4d51-96ca-57cc46940593.0,strict_trigger_proximal,P1_strict_proximal_vs_secondary_window_check,기본 hold: strict-proximal 공통원인 분리 전 subtype/전조 승격 금지,strict trigger와 common-cause anchor가 같은 날인 누적 오염·열화형 형태를 개별 전조로 볼 근거가 있는지 확인,"strict_trigger_date 주변 +/-3일의 site/subgroup/group_off 동시성, secondary-window gap, 동일 root 반복 여부 확인",전조형 고장,진행성 악화,2025-06-07,2025-11-15,2025-11-22,,2025-11-22,strict_trigger,7,medium,anom_subtype:degradation,열화·오염·음영 계열,누적 오염·열화형,medium,hold,common_cause,candidate subtype is held because site/strict-proximal common-cause evidence blocks individual panel precursor promotion,candidate subtype is held because site/strict-proximal common-cause evidence blocks individual panel precursor promotion,0,1,1,1,1,0,1,1,2025-08-06,prealarm_cond_hs_mid_or_hi,108,54,19,degradation_fallback_replaced_by_secondary,audit_no_event_flip,audit_provenance_only,BR008: audit_no_event_flip; audit/provenance only and no event flip,none,fault_like,fault_like_weak,모듈손상형,출력 저하형,RAW_MODULE_PROGRESSIVE,알고리즘상 진행성 열화 계열,"event_type=전조형 고장,algorithm_family=모듈손상형,critical_source=none,anom_subtype=fault_like_weak,gap_days=7,onset_method=anom_subtype:degradation,site_or_strict_proximal_common_cause,family=degradation_soiling_shadow,duration_or_gap_support,precursor_event",0
BR023-040,gangui,4fd0c566-e25e-4d51-96ca-57cc46940593.0.13,4fd0c566-e25e-4d51-96ca-57cc46940593,4fd0c566-e25e-4d51-96ca-57cc46940593.0,strict_trigger_proximal,P1_strict_proximal_vs_secondary_window_check,기본 hold: strict-proximal 공통원인 분리 전 subtype/전조 승격 금지,strict trigger와 common-cause anchor가 같은 날인 일시 환경 episode형 형태를 개별 전조로 볼 근거가 있는지 확인,"strict_trigger_date 주변 +/-3일의 site/subgroup/group_off 동시성, secondary-window gap, 동일 root 반복 여부 확인",전조형 고장,진행성 악화,2025-06-07,2025-11-17,2025-11-23,,2025-11-23,strict_trigger,6,medium,anom_subtype:degradation,열화·오염·음영 계열,일시 환경 episode형,low,hold,common_cause,candidate subtype is held because site/strict-proximal common-cause evidence blocks individual panel precursor promotion,candidate subtype is held because site/strict-proximal common-cause evidence blocks individual panel precursor promotion,0,1,1,1,1,0,1,1,2025-07-27,prealarm_cond_hs_mid_or_hi,119,38,19,degradation_fallback_replaced_by_secondary,audit_no_event_flip,audit_provenance_only,BR008: audit_no_event_flip; audit/provenance only and no event flip,none,fault_like,fault_like_weak,모듈손상형,출력 저하형,RAW_MODULE_PROGRESSIVE,알고리즘상 진행성 열화 계열,"event_type=전조형 고장,algorithm_family=모듈손상형,critical_source=none,anom_subtype=fault_like_weak,gap_days=6,onset_method=anom_subtype:degradation,site_or_strict_proximal_common_cause,family=degradation_soiling_shadow,transient_or_sparse_degradation",0
BR023-045,gangui,4fd0c566-e25e-4d51-96ca-57cc46940593.3.4,4fd0c566-e25e-4d51-96ca-57cc46940593,4fd0c566-e25e-4d51-96ca-57cc46940593.3,strict_trigger_proximal,P1_strict_proximal_vs_secondary_window_check,기본 hold: strict-proximal 공통원인 분리 전 subtype/전조 승격 금지,strict trigger와 common-cause anchor가 같은 날인 bypass diode 동작·고장 의심형 형태를 개별 전조로 볼 근거가 있는지 확인,"strict_trigger_date 주변 +/-3일의 site/subgroup/group_off 동시성, secondary-window gap, 동일 root 반복 여부 확인",전조형 고장,진행성 악화,2025-11-15,2025-11-11,2025-11-11,,2025-11-11,strict_trigger,0,low,anom_subtype:degradation,다이오드·서브스트링 계열,bypass diode 동작·고장 의심형,medium,hold,common_cause,candidate subtype is held because site/strict-proximal common-cause evidence blocks individual panel precursor promotion,candidate subtype is held because site/strict-proximal common-cause evidence blocks individual panel precursor promotion,0,1,1,1,1,0,1,1,2025-07-16,prealarm_cond_hs_mid_or_hi,118,67,16,degradation_fallback_replaced_by_secondary,audit_no_event_flip,audit_provenance_only,BR008: audit_no_event_flip; audit/provenance only and no event flip,vdrop,degraded_or_shadow,degradation_steady,모듈손상형,출력 저하형,RAW_MODULE_PROGRESSIVE,알고리즘상 진행성 열화 계열,"event_type=전조형 고장,algorithm_family=모듈손상형,critical_source=vdrop,anom_subtype=degradation_steady,onset_method=anom_subtype:degradation,site_or_strict_proximal_common_cause,family=diode_substring,vi_ratio_shape",0
BR023-044,gangui,4fd0c566-e25e-4d51-96ca-57cc46940593.3.1,4fd0c566-e25e-4d51-96ca-57cc46940593,4fd0c566-e25e-4d51-96ca-57cc46940593.3,strict_trigger_proximal,P1_strict_proximal_vs_secondary_window_check,기본 hold: strict-proximal 공통원인 분리 전 subtype/전조 승격 금지,strict trigger와 common-cause anchor가 같은 날인 bypass diode 동작·고장 의심형 형태를 개별 전조로 볼 근거가 있는지 확인,"strict_trigger_date 주변 +/-3일의 site/subgroup/group_off 동시성, secondary-window gap, 동일 root 반복 여부 확인",전조형 고장,진행성 악화,2025-11-15,2025-11-11,2025-11-12,,2025-11-12,strict_trigger,1,low,anom_subtype:degradation,다이오드·서브스트링 계열,bypass diode 동작·고장 의심형,medium,hold,common_cause,candidate subtype is held because site/strict-proximal common-cause evidence blocks individual panel precursor promotion,candidate subtype is held because site/strict-proximal common-cause evidence blocks individual panel precursor promotion,0,1,1,1,1,0,1,1,2025-07-15,prealarm_cond_ae_mid_or_hi,120,111,42,degradation_fallback_replaced_by_secondary,audit_no_event_flip,audit_provenance_only,BR008: audit_no_event_flip; audit/provenance only and no event flip,vdrop,degraded_or_shadow,degradation_steady,모듈손상형,출력 저하형,RAW_MODULE_PROGRESSIVE,알고리즘상 진행성 열화 계열,"event_type=전조형 고장,algorithm_family=모듈손상형,critical_source=vdrop,anom_subtype=degradation_steady,gap_days=1,onset_method=anom_subtype:degradation,site_or_strict_proximal_common_cause,family=diode_substring,vi_ratio_shape",0
BR023-049,gangui,4fd0c566-e25e-4d51-96ca-57cc46940593.4.11,4fd0c566-e25e-4d51-96ca-57cc46940593,4fd0c566-e25e-4d51-96ca-57cc46940593.4,strict_trigger_proximal,P1_strict_proximal_vs_secondary_window_check,기본 hold: strict-proximal 공통원인 분리 전 subtype/전조 승격 금지,strict trigger와 common-cause anchor가 같은 날인 bypass diode 동작·고장 의심형 형태를 개별 전조로 볼 근거가 있는지 확인,"strict_trigger_date 주변 +/-3일의 site/subgroup/group_off 동시성, secondary-window gap, 동일 root 반복 여부 확인",전조형 고장,진행성 악화,2025-11-15,2025-11-11,2025-11-11,,2025-11-11,strict_trigger,0,low,anom_subtype:degradation,다이오드·서브스트링 계열,bypass diode 동작·고장 의심형,medium,hold,common_cause,candidate subtype is held because site/strict-proximal common-cause evidence blocks individual panel precursor promotion,candidate subtype is held because site/strict-proximal common-cause evidence blocks individual panel precursor promotion,0,1,1,1,1,0,1,1,2025-07-14,prealarm_cond_ae_mid_or_hi,120,83,36,degradation_fallback_replaced_by_secondary,audit_no_event_flip,audit_provenance_only,BR008: audit_no_event_flip; audit/provenance only and no event flip,vdrop,degraded_or_shadow,degradation_steady,모듈손상형,출력 저하형,RAW_MODULE_PROGRESSIVE,알고리즘상 진행성 열화 계열,"event_type=전조형 고장,algorithm_family=모듈손상형,critical_source=vdrop,anom_subtype=degradation_steady,onset_method=anom_subtype:degradation,site_or_strict_proximal_common_cause,family=diode_substring,vi_ratio_shape",0
BR023-050,gangui,4fd0c566-e25e-4d51-96ca-57cc46940593.4.13,4fd0c566-e25e-4d51-96ca-57cc46940593,4fd0c566-e25e-4d51-96ca-57cc46940593.4,strict_trigger_proximal,P1_strict_proximal_vs_secondary_window_check,기본 hold: strict-proximal 공통원인 분리 전 subtype/전조 승격 금지,strict trigger와 common-cause anchor가 같은 날인 bypass diode 동작·고장 의심형 형태를 개별 전조로 볼 근거가 있는지 확인,"strict_trigger_date 주변 +/-3일의 site/subgroup/group_off 동시성, secondary-window gap, 동일 root 반복 여부 확인",전조형 고장,진행성 악화,2025-11-15,2025-11-11,2025-11-11,,2025-11-11,strict_trigger,0,low,anom_subtype:degradation,다이오드·서브스트링 계열,bypass diode 동작·고장 의심형,medium,hold,common_cause,candidate subtype is held because site/strict-proximal common-cause evidence blocks individual panel precursor promotion,candidate subtype is held because site/strict-proximal common-cause evidence blocks individual panel precursor promotion,0,1,1,1,1,0,1,1,2025-07-16,prealarm_cond_hs_mid_or_hi,118,57,9,degradation_fallback_replaced_by_secondary,audit_no_event_flip,audit_provenance_only,BR008: audit_no_event_flip; audit/provenance only and no event flip,vdrop,degraded_or_shadow,degradation_steady,모듈손상형,출력 저하형,RAW_MODULE_PROGRESSIVE,알고리즘상 진행성 열화 계열,"event_type=전조형 고장,algorithm_family=모듈손상형,critical_source=vdrop,anom_subtype=degradation_steady,onset_method=anom_subtype:degradation,site_or_strict_proximal_common_cause,family=diode_substring,vi_ratio_shape",0
BR023-051,gangui,4fd0c566-e25e-4d51-96ca-57cc46940593.4.15,4fd0c566-e25e-4d51-96ca-57cc46940593,4fd0c566-e25e-4d51-96ca-57cc46940593.4,strict_trigger_proximal,P2_strict_proximal_anchor_check,기본 hold: strict-proximal 공통원인 분리 전 subtype/전조 승격 금지,strict trigger와 common-cause anchor가 같은 날인 간헐 접촉저항형 형태를 개별 전조로 볼 근거가 있는지 확인,"strict_trigger_date 주변 +/-3일의 site/subgroup/group_off 동시성, secondary-window gap, 동일 root 반복 여부 확인",전조형 고장,진행성 악화,2025-09-25,2025-09-25,2025-11-11,2025-11-11,2025-11-11,strict_trigger,47,high,ews_warning,접속 불량·부분 개방 계열,간헐 접촉저항형,medium,hold,common_cause,candidate subtype is held because site/strict-proximal common-cause evidence blocks individual panel precursor promotion,candidate subtype is held because site/strict-proximal common-cause evidence blocks individual panel precursor promotion,0,1,1,1,1,0,1,0,,,0,567,136,,,,,none,confirmed_fault,confirmed_fault,개방/장치이상형,전압 변화형,RAW_OPEN_NOCRIT,확정고장이지만 vdrop/critical 증거가 약한 계열,"event_type=전조형 고장,algorithm_family=개방/장치이상형,critical_source=none,anom_subtype=confirmed_fault,gap_days=47,onset_method=ews_warning,site_or_strict_proximal_common_cause,family=open_connection_partial,recurrence_or_secondary_window",0
BR023-054,gangui,4fd0c566-e25e-4d51-96ca-57cc46940593.4.3,4fd0c566-e25e-4d51-96ca-57cc46940593,4fd0c566-e25e-4d51-96ca-57cc46940593.4,strict_trigger_proximal,P1_strict_proximal_vs_secondary_window_check,기본 hold: strict-proximal 공통원인 분리 전 subtype/전조 승격 금지,strict trigger와 common-cause anchor가 같은 날인 bypass diode 동작·고장 의심형 형태를 개별 전조로 볼 근거가 있는지 확인,"strict_trigger_date 주변 +/-3일의 site/subgroup/group_off 동시성, secondary-window gap, 동일 root 반복 여부 확인",전조형 고장,진행성 악화,2025-11-15,2025-11-11,2025-11-13,,2025-11-13,strict_trigger,2,low,anom_subtype:degradation,다이오드·서브스트링 계열,bypass diode 동작·고장 의심형,medium,hold,common_cause,candidate subtype is held because site/strict-proximal common-cause evidence blocks individual panel precursor promotion,candidate subtype is held because site/strict-proximal common-cause evidence blocks individual panel precursor promotion,0,1,1,1,1,1,1,1,2025-07-19,prealarm_cond_ae_mid_or_hi,117,78,29,degradation_fallback_replaced_by_secondary,audit_no_event_flip,audit_provenance_only,BR008: audit_no_event_flip; audit/provenance only and no event flip,vdrop,degraded_or_shadow,degradation_steady,모듈손상형,출력 저하형,RAW_MODULE_PROGRESSIVE,알고리즘상 진행성 열화 계열,"event_type=전조형 고장,algorithm_family=모듈손상형,critical_source=vdrop,anom_subtype=degradation_steady,gap_days=2,onset_method=anom_subtype:degradation,site_or_strict_proximal_common_cause,family=diode_substring,vi_ratio_shape",0
BR023-055,gangui,bf1a912f-6cf0-4f12-8e97-9d9d86576511.1.0,bf1a912f-6cf0-4f12-8e97-9d9d86576511,bf1a912f-6cf0-4f12-8e97-9d9d86576511.1,strict_trigger_proximal,P2_strict_proximal_anchor_check,기본 hold: strict-proximal 공통원인 분리 전 subtype/전조 승격 금지,strict trigger와 common-cause anchor가 같은 날인 누적 오염·열화형 형태를 개별 전조로 볼 근거가 있는지 확인,"strict_trigger_date 주변 +/-3일의 site/subgroup/group_off 동시성, secondary-window gap, 동일 root 반복 여부 확인",전조형 고장,진행성 악화,2025-11-18,2025-11-18,2025-11-26,,2025-11-26,strict_trigger,8,medium,ews_warning,열화·오염·음영 계열,누적 오염·열화형,medium,hold,common_cause,candidate subtype is held because site/strict-proximal common-cause evidence blocks individual panel precursor promotion,candidate subtype is held because site/strict-proximal common-cause evidence blocks individual panel precursor promotion,0,1,0,1,1,0,1,0,,,0,68,23,,,,,none,fault_like,fault_like_strong,모듈손상형,출력 저하형,RAW_MODULE_PROGRESSIVE,알고리즘상 진행성 열화 계열,"event_type=전조형 고장,algorithm_family=모듈손상형,critical_source=none,anom_subtype=fault_like_strong,gap_days=8,onset_method=ews_warning,site_or_strict_proximal_common_cause,family=degradation_soiling_shadow,duration_or_gap_support,precursor_event",0
BR023-056,gangui,bf1a912f-6cf0-4f12-8e97-9d9d86576511.1.1,bf1a912f-6cf0-4f12-8e97-9d9d86576511,bf1a912f-6cf0-4f12-8e97-9d9d86576511.1,strict_trigger_proximal,P2_strict_proximal_anchor_check,기본 hold: strict-proximal 공통원인 분리 전 subtype/전조 승격 금지,strict trigger와 common-cause anchor가 같은 날인 간헐 접촉저항형 형태를 개별 전조로 볼 근거가 있는지 확인,"strict_trigger_date 주변 +/-3일의 site/subgroup/group_off 동시성, secondary-window gap, 동일 root 반복 여부 확인",전조형 고장,급격 종료,2025-11-15,2025-11-15,2025-11-26,2025-12-07,2025-11-26,strict_trigger,11,medium,ews_warning,접속 불량·부분 개방 계열,간헐 접촉저항형,medium,hold,common_cause,candidate subtype is held because site/strict-proximal common-cause evidence blocks individual panel precursor promotion,candidate subtype is held because site/strict-proximal common-cause evidence blocks individual panel precursor promotion,0,1,0,1,1,0,1,0,,,0,53,19,,,,,none,confirmed_fault,confirmed_fault,개방/장치이상형,전압 변화형,RAW_OPEN_NOCRIT,확정고장이지만 vdrop/critical 증거가 약한 계열,"event_type=전조형 고장,algorithm_family=개방/장치이상형,critical_source=none,anom_subtype=confirmed_fault,gap_days=11,onset_method=ews_warning,site_or_strict_proximal_common_cause,family=open_connection_partial,recurrence_or_secondary_window",0
