site,panel_id,current_event_type_ko,current_final_pattern_ko,algorithm_family_ko,heuristic_top1_ko,episode_basis_date,episode_basis_kind,retrospective_onset_date,g1_original_suppressed_onset_date,strict_trigger_date,gap_days,onset_method,degradation_days_in_window,shadow_days_in_window,event_A_days_in_window,event_A_days_after_onset,low_mid_ratio_days_in_window,low_mid_ratio_days_after_onset,fault_like_days_in_window,pre_ews_days_in_window,ews_warning_days_in_window,pre_alarm_days_in_window,prefault_B_effective_days_in_window,median_mid_ratio_between,min_mid_ratio_between,onset_mid_ratio,onset_mid_v_ratio,onset_mid_i_ratio,onset_dtw_dist,site_panel_count_on_episode,site_event_A_count_on_episode,site_degradation_count_on_episode,group_key_on_episode,group_panel_count_on_episode,group_event_A_count_on_episode,group_event_A_fraction_on_episode,subgroup_common_cause_history_flag,strict_trigger_proximal_common_cause_flag,g1_suppressed_event_shadow_flag,g1_suppressed_event_guard_applied_flag,episode_class_shadow,fault_family_hypothesis_shadow_ko,precursor_promotion_shadow_decision,shadow_reason_ko,production_write_allowed
conalog,21ca22d1-a6fb-40cd-805c-cd3dcfcbb4ff.0.0,전조형 고장,급격 종료,개방/장치이상형,센서·피드백형,2024-11-06,retrospective_onset_date,2024-11-06,,2024-12-05,29,ews_warning,0,0,1,0,1,0,1,0,0,0,0,0.989,0.95,0.977,0.992,0.985,0.154,349,15,0,21ca22d1-a6fb-40cd-805c-cd3dcfcbb4ff.0.v0,18,0,0.0,1,1,0,0,manual_review_episode,개방/장치이상형,manual_review,threshold candidate inconclusive,0
conalog,21ca22d1-a6fb-40cd-805c-cd3dcfcbb4ff.0.1,전조형 고장,급격 종료,개방/장치이상형,센서·피드백형,2024-11-06,retrospective_onset_date,2024-11-06,,2024-12-05,29,ews_warning,0,0,1,0,1,0,1,1,0,0,0,0.999,0.96,1.002,0.999,1.004,0.057,349,15,0,21ca22d1-a6fb-40cd-805c-cd3dcfcbb4ff.0.v0,18,0,0.0,1,1,0,0,manual_review_episode,개방/장치이상형,manual_review,threshold candidate inconclusive,0
conalog,21ca22d1-a6fb-40cd-805c-cd3dcfcbb4ff.0.2,전조형 고장,급격 종료,개방/장치이상형,센서·피드백형,2024-11-07,retrospective_onset_date,2024-11-07,,2024-12-05,28,ews_warning,0,0,1,0,1,0,1,0,0,0,0,0.988,0.979,0.984,0.987,0.998,0.076,349,2,0,21ca22d1-a6fb-40cd-805c-cd3dcfcbb4ff.0.v0,18,0,0.0,1,1,0,0,manual_review_episode,개방/장치이상형,manual_review,threshold candidate inconclusive,0
conalog,21ca22d1-a6fb-40cd-805c-cd3dcfcbb4ff.0.3,전조형 고장,진행성 악화,개방/장치이상형,센서·피드백형,2024-11-05,retrospective_onset_date,2024-11-05,,2024-12-06,31,ews_warning,0,1,2,1,2,1,1,2,0,0,0,1.01,0.337,1.023,1.005,1.017,0.089,344,10,0,21ca22d1-a6fb-40cd-805c-cd3dcfcbb4ff.0.v0,18,0,0.0,1,1,0,0,manual_review_episode,개방/장치이상형,manual_review,threshold candidate inconclusive,0
conalog,21ca22d1-a6fb-40cd-805c-cd3dcfcbb4ff.0.4,전조형 고장,진행성 악화,개방/장치이상형,센서·피드백형,2024-11-05,retrospective_onset_date,2024-11-05,,2024-12-06,31,ews_warning,0,1,2,1,2,1,1,2,0,0,0,1.002,0.331,1.003,1.0,1.002,0.066,344,10,0,21ca22d1-a6fb-40cd-805c-cd3dcfcbb4ff.0.v0,18,0,0.0,1,1,0,0,manual_review_episode,개방/장치이상형,manual_review,threshold candidate inconclusive,0
conalog,21ca22d1-a6fb-40cd-805c-cd3dcfcbb4ff.1.0,전조형 고장,진행성 악화,개방/장치이상형,센서·피드백형,2024-11-05,retrospective_onset_date,2024-11-05,,2024-12-05,30,ews_warning,0,0,1,0,1,0,1,0,0,0,0,0.991,0.969,0.987,0.997,0.989,0.018,344,10,0,21ca22d1-a6fb-40cd-805c-cd3dcfcbb4ff.1.v0,18,0,0.0,1,1,0,0,manual_review_episode,개방/장치이상형,manual_review,threshold candidate inconclusive,0
conalog,21ca22d1-a6fb-40cd-805c-cd3dcfcbb4ff.1.1,전조형 고장,진행성 악화,개방/장치이상형,센서·피드백형,2024-11-08,retrospective_onset_date,2024-11-08,,2024-12-05,27,ews_warning,0,0,1,0,1,0,1,0,0,0,0,1.002,0.968,1.004,1.003,1.001,0.068,349,3,0,21ca22d1-a6fb-40cd-805c-cd3dcfcbb4ff.1.v0,18,0,0.0,1,1,0,0,manual_review_episode,개방/장치이상형,manual_review,threshold candidate inconclusive,0
conalog,21ca22d1-a6fb-40cd-805c-cd3dcfcbb4ff.1.2,전조형 고장,진행성 악화,개방/장치이상형,센서·피드백형,2024-11-09,retrospective_onset_date,2024-11-09,,2024-12-05,26,ews_warning,0,0,1,0,1,0,1,1,0,0,0,1.0,0.98,0.97,0.855,0.829,14.53,349,5,0,21ca22d1-a6fb-40cd-805c-cd3dcfcbb4ff.1.v0,18,1,0.056,1,1,0,0,manual_review_episode,개방/장치이상형,manual_review,threshold candidate inconclusive,0
conalog,21ca22d1-a6fb-40cd-805c-cd3dcfcbb4ff.1.3,전조형 고장,진행성 악화,개방/장치이상형,센서·피드백형,2024-11-06,retrospective_onset_date,2024-11-06,,2024-12-05,29,ews_warning,0,0,1,0,1,0,1,1,0,0,0,1.001,0.989,1.001,0.976,0.983,1.113,349,15,0,21ca22d1-a6fb-40cd-805c-cd3dcfcbb4ff.1.v0,18,0,0.0,1,1,0,0,manual_review_episode,개방/장치이상형,manual_review,threshold candidate inconclusive,0
conalog,21ca22d1-a6fb-40cd-805c-cd3dcfcbb4ff.1.4,전조형 고장,진행성 악화,개방/장치이상형,센서·피드백형,2024-11-09,retrospective_onset_date,2024-11-09,,2024-12-05,26,ews_warning,0,0,2,1,1,0,1,0,0,0,0,0.99,0.98,0.968,0.758,0.759,12.39,349,5,0,21ca22d1-a6fb-40cd-805c-cd3dcfcbb4ff.1.v0,18,1,0.056,1,1,0,0,manual_review_episode,개방/장치이상형,manual_review,threshold candidate inconclusive,0
conalog,21ca22d1-a6fb-40cd-805c-cd3dcfcbb4ff.2.0,전조형 고장,진행성 악화,개방/장치이상형,센서·피드백형,2024-11-05,retrospective_onset_date,2024-11-05,,2024-12-06,31,ews_warning,1,0,2,1,2,1,1,1,0,0,0,1.001,0.327,0.991,0.999,0.992,0.192,344,10,0,21ca22d1-a6fb-40cd-805c-cd3dcfcbb4ff.2.v0,18,0,0.0,1,1,0,0,manual_review_episode,개방/장치이상형,manual_review,threshold candidate inconclusive,0
conalog,21ca22d1-a6fb-40cd-805c-cd3dcfcbb4ff.2.1,전조형 고장,급격 종료,개방/장치이상형,센서·피드백형,2024-11-06,retrospective_onset_date,2024-11-06,,2024-12-05,29,ews_warning,0,0,1,0,1,0,1,1,0,0,0,0.997,0.975,1.004,0.991,1.011,0.47,349,15,0,21ca22d1-a6fb-40cd-805c-cd3dcfcbb4ff.2.v0,18,0,0.0,1,1,0,0,manual_review_episode,개방/장치이상형,manual_review,threshold candidate inconclusive,0
conalog,21ca22d1-a6fb-40cd-805c-cd3dcfcbb4ff.2.2,전조형 고장,급격 종료,개방/장치이상형,센서·피드백형,2024-11-06,retrospective_onset_date,2024-11-06,,2024-12-05,29,ews_warning,0,0,1,0,1,0,1,1,0,0,0,0.998,0.98,1.005,0.992,1.012,0.472,349,15,0,21ca22d1-a6fb-40cd-805c-cd3dcfcbb4ff.2.v0,18,0,0.0,1,1,0,0,manual_review_episode,개방/장치이상형,manual_review,threshold candidate inconclusive,0
conalog,21ca22d1-a6fb-40cd-805c-cd3dcfcbb4ff.2.3,전조형 고장,진행성 악화,개방/장치이상형,센서·피드백형,2024-11-08,retrospective_onset_date,2024-11-08,,2024-12-06,28,ews_warning,1,0,2,1,2,1,1,1,0,0,0,0.994,0.333,0.988,0.994,0.992,0.045,349,3,0,21ca22d1-a6fb-40cd-805c-cd3dcfcbb4ff.2.v0,18,0,0.0,1,1,0,0,manual_review_episode,개방/장치이상형,manual_review,threshold candidate inconclusive,0
conalog,21ca22d1-a6fb-40cd-805c-cd3dcfcbb4ff.2.4,전조형 고장,진행성 악화,개방/장치이상형,센서·피드백형,2024-11-08,retrospective_onset_date,2024-11-08,,2024-12-06,28,ews_warning,0,1,2,1,2,1,1,2,0,0,0,0.988,0.318,0.991,0.984,1.005,0.06,349,3,0,21ca22d1-a6fb-40cd-805c-cd3dcfcbb4ff.2.v0,18,0,0.0,1,1,0,0,manual_review_episode,개방/장치이상형,manual_review,threshold candidate inconclusive,0
conalog,45dfa600-79b7-428e-95d3-22345a068986.1.0,전조형 고장,진행성 악화,다이오드형,다이오드·서브스트링형,2024-11-05,retrospective_onset_date,2024-11-05,,2024-12-29,54,ews_warning,0,0,5,4,0,0,0,1,0,0,0,1.0,0.956,1.027,0.997,0.988,0.596,344,10,0,45dfa600-79b7-428e-95d3-22345a068986.1.v0,18,3,0.167,0,0,0,0,intermittent_precursor_candidate,접속 불량·부분 개방 계열,manual_review_candidate,recurrent event/pre-alarm pattern without common-cause block,0
conalog,45dfa600-79b7-428e-95d3-22345a068986.1.1,전조형 고장,진행성 악화,다이오드형,다이오드·서브스트링형,2024-11-05,retrospective_onset_date,2024-11-05,,2025-01-19,75,ews_warning,0,0,4,4,0,0,0,1,0,0,0,0.984,0.897,0.994,0.969,0.984,0.607,344,10,0,45dfa600-79b7-428e-95d3-22345a068986.1.v0,18,3,0.167,0,0,0,0,intermittent_precursor_candidate,접속 불량·부분 개방 계열,manual_review_candidate,recurrent event/pre-alarm pattern without common-cause block,0
conalog,7f7dd654-2760-4eb2-a197-3ebb72b85cda.1.0,전조형 고장,급격 종료,개방/장치이상형,센서·피드백형,2024-11-09,retrospective_onset_date,2024-11-09,,2024-12-05,26,ews_warning,0,0,1,0,1,0,1,0,0,0,0,0.989,0.978,0.98,0.436,0.43,41.899,349,5,0,7f7dd654-2760-4eb2-a197-3ebb72b85cda.1.v0,16,0,0.0,1,1,0,0,manual_review_episode,개방/장치이상형,manual_review,threshold candidate inconclusive,0
conalog,7f7dd654-2760-4eb2-a197-3ebb72b85cda.1.1,전조형 고장,진행성 악화,개방/장치이상형,센서·피드백형,2024-11-05,retrospective_onset_date,2024-11-05,,2024-12-06,31,ews_warning,1,0,2,1,2,1,1,3,0,0,0,0.994,0.32,1.007,0.998,1.006,0.099,344,10,0,7f7dd654-2760-4eb2-a197-3ebb72b85cda.1.v0,16,0,0.0,1,1,0,0,manual_review_episode,개방/장치이상형,manual_review,threshold candidate inconclusive,0
conalog,7f7dd654-2760-4eb2-a197-3ebb72b85cda.1.2,전조형 고장,진행성 악화,개방/장치이상형,센서·피드백형,2024-11-05,retrospective_onset_date,2024-11-05,,2024-12-06,31,ews_warning,1,0,2,1,2,1,1,2,0,0,0,1.0,0.324,1.011,1.005,1.004,0.077,344,10,0,7f7dd654-2760-4eb2-a197-3ebb72b85cda.1.v0,16,0,0.0,1,1,0,0,manual_review_episode,개방/장치이상형,manual_review,threshold candidate inconclusive,0
conalog,7f7dd654-2760-4eb2-a197-3ebb72b85cda.1.3,전조형 고장,급격 종료,개방/장치이상형,센서·피드백형,2024-11-08,retrospective_onset_date,2024-11-08,,2024-12-05,27,ews_warning,0,0,1,0,1,0,1,0,0,0,0,1.0,0.969,1.003,1.012,0.991,1.082,349,3,0,7f7dd654-2760-4eb2-a197-3ebb72b85cda.1.v0,16,0,0.0,1,1,0,0,manual_review_episode,개방/장치이상형,manual_review,threshold candidate inconclusive,0
conalog,7f7dd654-2760-4eb2-a197-3ebb72b85cda.1.5,전조형 고장,진행성 악화,개방/장치이상형,센서·피드백형,2024-11-05,retrospective_onset_date,2024-11-05,,2024-12-05,30,ews_warning,0,0,1,0,1,0,1,1,0,0,0,0.992,0.96,0.987,1.0,0.984,0.061,344,10,0,7f7dd654-2760-4eb2-a197-3ebb72b85cda.1.v0,16,0,0.0,1,1,0,0,manual_review_episode,개방/장치이상형,manual_review,threshold candidate inconclusive,0
conalog,7f7dd654-2760-4eb2-a197-3ebb72b85cda.2.0,전조형 고장,진행성 악화,다이오드형,다이오드·서브스트링형,2024-11-06,retrospective_onset_date,2024-11-06,,2024-11-26,20,ews_warning,0,0,21,19,0,0,0,0,0,0,0,0.635,0.622,0.638,0.642,0.995,11.332,349,15,0,7f7dd654-2760-4eb2-a197-3ebb72b85cda.2.v0,18,1,0.056,0,0,0,0,intermittent_precursor_candidate,접속 불량·부분 개방 계열,manual_review_candidate,recurrent event/pre-alarm pattern without common-cause block,0
conalog,a481180a-e538-42e2-b1aa-95f251c531bc.0.10,전조형 고장,진행성 악화,개방/장치이상형,센서·피드백형,2024-11-05,retrospective_onset_date,2024-11-05,,2024-12-05,30,ews_warning,0,0,1,0,1,0,1,1,0,0,0,1.002,0.98,1.012,1.001,1.012,0.449,344,10,0,a481180a-e538-42e2-b1aa-95f251c531bc.0.v0,19,0,0.0,1,1,0,0,manual_review_episode,개방/장치이상형,manual_review,threshold candidate inconclusive,0
conalog,a481180a-e538-42e2-b1aa-95f251c531bc.0.11,전조형 고장,진행성 악화,개방/장치이상형,센서·피드백형,2024-11-05,retrospective_onset_date,2024-11-05,,2024-12-05,30,ews_warning,0,0,1,0,1,0,1,2,0,0,0,0.998,0.987,1.0,0.998,1.002,0.546,344,10,0,a481180a-e538-42e2-b1aa-95f251c531bc.0.v0,19,0,0.0,1,1,0,0,manual_review_episode,개방/장치이상형,manual_review,threshold candidate inconclusive,0
conalog,a481180a-e538-42e2-b1aa-95f251c531bc.0.12,전조형 고장,급격 종료,개방/장치이상형,센서·피드백형,2024-11-05,retrospective_onset_date,2024-11-05,,2024-12-05,30,ews_warning,0,0,1,0,1,0,1,1,0,0,0,1.005,0.975,1.008,1.001,1.006,0.52,344,10,0,a481180a-e538-42e2-b1aa-95f251c531bc.0.v0,19,0,0.0,1,1,0,0,manual_review_episode,개방/장치이상형,manual_review,threshold candidate inconclusive,0
conalog,a481180a-e538-42e2-b1aa-95f251c531bc.0.13,전조형 고장,진행성 악화,개방/장치이상형,센서·피드백형,2024-11-05,retrospective_onset_date,2024-11-05,,2024-12-06,31,ews_warning,1,0,2,1,2,1,0,2,0,0,0,1.012,0.321,1.023,1.009,1.014,0.535,344,10,0,a481180a-e538-42e2-b1aa-95f251c531bc.0.v0,19,0,0.0,1,1,0,0,manual_review_episode,개방/장치이상형,manual_review,threshold candidate inconclusive,0
conalog,a481180a-e538-42e2-b1aa-95f251c531bc.0.14,전조형 고장,진행성 악화,개방/장치이상형,센서·피드백형,2024-11-05,retrospective_onset_date,2024-11-05,,2024-12-06,31,ews_warning,1,0,2,1,2,1,0,2,0,0,0,1.012,0.334,1.013,1.002,1.011,0.632,344,10,0,a481180a-e538-42e2-b1aa-95f251c531bc.0.v0,19,0,0.0,1,1,0,0,manual_review_episode,개방/장치이상형,manual_review,threshold candidate inconclusive,0
conalog,a481180a-e538-42e2-b1aa-95f251c531bc.0.15,전조형 고장,진행성 악화,개방/장치이상형,센서·피드백형,2024-11-05,retrospective_onset_date,2024-11-05,,2024-12-06,31,ews_warning,1,0,2,1,2,1,0,2,0,0,0,1.015,0.331,1.013,1.002,1.012,0.514,344,10,0,a481180a-e538-42e2-b1aa-95f251c531bc.0.v0,19,0,0.0,1,1,0,0,manual_review_episode,개방/장치이상형,manual_review,threshold candidate inconclusive,0
conalog,a481180a-e538-42e2-b1aa-95f251c531bc.0.16,전조형 고장,진행성 악화,개방/장치이상형,센서·피드백형,2024-11-05,retrospective_onset_date,2024-11-05,,2024-12-06,31,ews_warning,1,0,2,1,2,1,1,2,0,0,0,1.011,0.33,1.008,0.999,1.008,0.448,344,10,0,a481180a-e538-42e2-b1aa-95f251c531bc.0.v0,19,0,0.0,1,1,0,0,manual_review_episode,개방/장치이상형,manual_review,threshold candidate inconclusive,0
conalog,a481180a-e538-42e2-b1aa-95f251c531bc.0.17,전조형 고장,진행성 악화,개방/장치이상형,센서·피드백형,2024-11-05,retrospective_onset_date,2024-11-05,,2024-12-06,31,ews_warning,1,0,2,1,2,1,1,3,0,0,0,1.006,0.328,0.999,0.998,1.001,0.604,344,10,0,a481180a-e538-42e2-b1aa-95f251c531bc.0.v0,19,0,0.0,1,1,0,0,manual_review_episode,개방/장치이상형,manual_review,threshold candidate inconclusive,0
conalog,a481180a-e538-42e2-b1aa-95f251c531bc.0.18,전조형 고장,진행성 악화,개방/장치이상형,센서·피드백형,2024-11-05,retrospective_onset_date,2024-11-05,,2024-12-05,30,ews_warning,0,0,1,0,1,0,1,1,0,0,0,0.994,0.978,0.997,1.002,0.995,0.42,344,10,0,a481180a-e538-42e2-b1aa-95f251c531bc.0.v0,19,0,0.0,1,1,0,0,manual_review_episode,개방/장치이상형,manual_review,threshold candidate inconclusive,0
conalog,a481180a-e538-42e2-b1aa-95f251c531bc.1.10,전조형 고장,진행성 악화,개방/장치이상형,센서·피드백형,2024-11-05,retrospective_onset_date,2024-11-05,,2024-12-05,30,ews_warning,0,0,1,0,1,0,1,2,0,0,0,1.001,0.95,1.001,0.998,1.003,1.692,344,10,0,a481180a-e538-42e2-b1aa-95f251c531bc.1.v0,19,0,0.0,1,1,0,0,manual_review_episode,개방/장치이상형,manual_review,threshold candidate inconclusive,0
conalog,a481180a-e538-42e2-b1aa-95f251c531bc.1.11,전조형 고장,진행성 악화,개방/장치이상형,센서·피드백형,2024-11-05,retrospective_onset_date,2024-11-05,,2024-12-05,30,ews_warning,0,0,1,0,1,0,1,1,0,0,0,1.004,0.987,0.998,0.999,0.999,2.316,344,10,0,a481180a-e538-42e2-b1aa-95f251c531bc.1.v0,19,0,0.0,1,1,0,0,manual_review_episode,개방/장치이상형,manual_review,threshold candidate inconclusive,0
conalog,a481180a-e538-42e2-b1aa-95f251c531bc.1.12,전조형 고장,진행성 악화,개방/장치이상형,센서·피드백형,2024-11-05,retrospective_onset_date,2024-11-05,,2024-12-05,30,ews_warning,0,0,1,0,1,0,1,2,0,0,0,1.007,0.987,1.008,1.001,1.006,1.342,344,10,0,a481180a-e538-42e2-b1aa-95f251c531bc.1.v0,19,0,0.0,1,1,0,0,manual_review_episode,개방/장치이상형,manual_review,threshold candidate inconclusive,0
conalog,a481180a-e538-42e2-b1aa-95f251c531bc.1.13,전조형 고장,진행성 악화,개방/장치이상형,센서·피드백형,2024-11-05,retrospective_onset_date,2024-11-05,,2024-12-05,30,ews_warning,0,0,1,0,1,0,1,2,0,0,0,1.005,0.996,1.014,1.0,1.013,1.668,344,10,0,a481180a-e538-42e2-b1aa-95f251c531bc.1.v0,19,0,0.0,1,1,0,0,manual_review_episode,개방/장치이상형,manual_review,threshold candidate inconclusive,0
conalog,a481180a-e538-42e2-b1aa-95f251c531bc.1.14,전조형 고장,진행성 악화,개방/장치이상형,센서·피드백형,2024-11-05,retrospective_onset_date,2024-11-05,,2024-12-05,30,ews_warning,0,0,1,0,1,0,1,1,0,0,0,1.012,0.993,1.014,1.003,1.011,1.808,344,10,0,a481180a-e538-42e2-b1aa-95f251c531bc.1.v0,19,0,0.0,1,1,0,0,manual_review_episode,개방/장치이상형,manual_review,threshold candidate inconclusive,0
conalog,a481180a-e538-42e2-b1aa-95f251c531bc.1.15,전조형 고장,급격 종료,개방/장치이상형,센서·피드백형,2024-11-05,retrospective_onset_date,2024-11-05,,2024-12-05,30,ews_warning,0,0,1,0,1,0,1,1,0,0,0,1.004,0.989,1.002,0.999,1.003,1.712,344,10,0,a481180a-e538-42e2-b1aa-95f251c531bc.1.v0,19,0,0.0,1,1,0,0,manual_review_episode,개방/장치이상형,manual_review,threshold candidate inconclusive,0
conalog,a481180a-e538-42e2-b1aa-95f251c531bc.1.16,전조형 고장,급격 종료,개방/장치이상형,센서·피드백형,2024-11-05,retrospective_onset_date,2024-11-05,,2024-12-05,30,ews_warning,0,0,1,0,1,0,1,1,0,0,0,0.981,0.941,0.986,0.994,0.992,1.712,344,10,0,a481180a-e538-42e2-b1aa-95f251c531bc.1.v0,19,0,0.0,1,1,0,0,manual_review_episode,개방/장치이상형,manual_review,threshold candidate inconclusive,0
conalog,a481180a-e538-42e2-b1aa-95f251c531bc.1.17,전조형 고장,급격 종료,개방/장치이상형,센서·피드백형,2024-11-05,retrospective_onset_date,2024-11-05,,2024-12-05,30,ews_warning,0,0,1,0,1,0,1,1,0,0,0,0.984,0.966,0.985,0.996,0.988,1.546,344,10,0,a481180a-e538-42e2-b1aa-95f251c531bc.1.v0,19,0,0.0,1,1,0,0,manual_review_episode,개방/장치이상형,manual_review,threshold candidate inconclusive,0
conalog,a481180a-e538-42e2-b1aa-95f251c531bc.1.18,전조형 고장,진행성 악화,개방/장치이상형,센서·피드백형,2024-11-05,retrospective_onset_date,2024-11-05,,2024-12-05,30,ews_warning,0,0,1,0,1,0,1,1,0,0,0,0.99,0.968,0.988,0.993,0.994,1.749,344,10,0,a481180a-e538-42e2-b1aa-95f251c531bc.1.v0,19,0,0.0,1,1,0,0,manual_review_episode,개방/장치이상형,manual_review,threshold candidate inconclusive,0
conalog,a481180a-e538-42e2-b1aa-95f251c531bc.2.10,전조형 고장,진행성 악화,개방/장치이상형,센서·피드백형,2024-11-05,retrospective_onset_date,2024-11-05,,2024-12-06,31,ews_warning,0,1,2,1,2,1,0,3,0,0,0,0.98,0.313,0.989,0.993,0.995,2.718,344,10,0,a481180a-e538-42e2-b1aa-95f251c531bc.2.v0,19,1,0.053,1,1,0,0,manual_review_episode,개방/장치이상형,manual_review,threshold candidate inconclusive,0
conalog,a481180a-e538-42e2-b1aa-95f251c531bc.2.11,전조형 고장,급격 종료,개방/장치이상형,센서·피드백형,2024-11-05,retrospective_onset_date,2024-11-05,,2024-12-06,31,ews_warning,0,1,2,1,2,1,0,2,0,0,0,0.989,0.323,0.986,0.996,0.989,2.855,344,10,0,a481180a-e538-42e2-b1aa-95f251c531bc.2.v0,19,1,0.053,1,1,0,0,manual_review_episode,개방/장치이상형,manual_review,threshold candidate inconclusive,0
conalog,a481180a-e538-42e2-b1aa-95f251c531bc.2.12,전조형 고장,진행성 악화,개방/장치이상형,센서·피드백형,2024-11-05,retrospective_onset_date,2024-11-05,,2024-12-05,30,ews_warning,0,0,1,0,1,0,1,1,0,0,0,0.993,0.977,1.0,1.0,1.0,1.914,344,10,0,a481180a-e538-42e2-b1aa-95f251c531bc.2.v0,19,1,0.053,1,1,0,0,manual_review_episode,개방/장치이상형,manual_review,threshold candidate inconclusive,0
conalog,a481180a-e538-42e2-b1aa-95f251c531bc.2.13,전조형 고장,진행성 악화,개방/장치이상형,센서·피드백형,2024-11-05,retrospective_onset_date,2024-11-05,,2024-12-05,30,ews_warning,0,0,1,0,1,0,1,1,0,0,0,0.983,0.97,0.986,0.99,0.995,2.633,344,10,0,a481180a-e538-42e2-b1aa-95f251c531bc.2.v0,19,1,0.053,1,1,0,0,manual_review_episode,개방/장치이상형,manual_review,threshold candidate inconclusive,0
conalog,a481180a-e538-42e2-b1aa-95f251c531bc.2.14,전조형 고장,진행성 악화,개방/장치이상형,센서·피드백형,2024-11-05,retrospective_onset_date,2024-11-05,,2024-12-06,31,ews_warning,1,0,2,1,2,1,0,2,0,0,0,1.01,0.325,1.006,1.005,1.001,2.621,344,10,0,a481180a-e538-42e2-b1aa-95f251c531bc.2.v0,19,1,0.053,1,1,0,0,manual_review_episode,개방/장치이상형,manual_review,threshold candidate inconclusive,0
conalog,a481180a-e538-42e2-b1aa-95f251c531bc.2.15,전조형 고장,진행성 악화,개방/장치이상형,센서·피드백형,2024-11-05,retrospective_onset_date,2024-11-05,,2024-12-06,31,ews_warning,1,0,2,1,2,1,0,3,0,0,0,1.004,0.336,1.002,0.995,1.006,3.332,344,10,0,a481180a-e538-42e2-b1aa-95f251c531bc.2.v0,19,1,0.053,1,1,0,0,manual_review_episode,개방/장치이상형,manual_review,threshold candidate inconclusive,0
conalog,a481180a-e538-42e2-b1aa-95f251c531bc.2.16,전조형 고장,진행성 악화,개방/장치이상형,센서·피드백형,2024-11-05,retrospective_onset_date,2024-11-05,,2024-12-06,31,ews_warning,0,1,2,1,2,1,0,2,0,0,0,1.016,0.341,1.02,0.998,1.021,3.581,344,10,0,a481180a-e538-42e2-b1aa-95f251c531bc.2.v0,19,1,0.053,1,1,0,0,manual_review_episode,개방/장치이상형,manual_review,threshold candidate inconclusive,0
conalog,a481180a-e538-42e2-b1aa-95f251c531bc.2.17,전조형 고장,진행성 악화,개방/장치이상형,센서·피드백형,2024-11-05,retrospective_onset_date,2024-11-05,,2024-12-06,31,ews_warning,0,1,2,1,2,1,0,3,0,0,0,1.018,0.338,1.021,1.001,1.02,2.988,344,10,0,a481180a-e538-42e2-b1aa-95f251c531bc.2.v0,19,1,0.053,1,1,0,0,manual_review_episode,개방/장치이상형,manual_review,threshold candidate inconclusive,0
conalog,a481180a-e538-42e2-b1aa-95f251c531bc.2.18,전조형 고장,진행성 악화,개방/장치이상형,센서·피드백형,2024-11-05,retrospective_onset_date,2024-11-05,,2024-12-06,31,ews_warning,0,1,2,1,2,1,1,2,0,0,0,1.009,0.339,1.006,1.001,1.004,3.121,344,10,0,a481180a-e538-42e2-b1aa-95f251c531bc.2.v0,19,1,0.053,1,1,0,0,manual_review_episode,개방/장치이상형,manual_review,threshold candidate inconclusive,0
conalog,c42997a6-5881-47e7-9035-7de8a2673b54.0.0,전조형 고장,진행성 악화,다이오드형,다이오드·서브스트링형,2025-01-31,retrospective_onset_date,2025-01-31,,2025-04-26,85,ews_warning,0,0,68,66,0,0,0,24,3,3,0,0.933,0.84,0.864,0.776,0.894,8.372,323,10,0,c42997a6-5881-47e7-9035-7de8a2673b54.0.v0,18,3,0.167,0,0,0,0,intermittent_precursor_candidate,접속 불량·부분 개방 계열,manual_review_candidate,recurrent event/pre-alarm pattern without common-cause block,0
conalog,c42997a6-5881-47e7-9035-7de8a2673b54.1.0,전조형 고장,급격 종료,다이오드형,다이오드·서브스트링형,2025-01-10,retrospective_onset_date,2025-01-10,,2025-01-11,1,ews_warning,0,0,2,0,0,0,0,2,1,1,0,,,0.847,0.823,0.937,8.88,325,47,0,c42997a6-5881-47e7-9035-7de8a2673b54.1.v0,16,4,0.25,0,0,0,0,common_cause_episode_hold,외부계통·공통원인 계열,block_individual_precursor,site/root/subgroup simultaneous context without strict-proximal support,0
conalog,c42997a6-5881-47e7-9035-7de8a2673b54.1.1,전조형 고장,급격 종료,개방/장치이상형,센서·피드백형,2025-01-16,retrospective_onset_date,2025-01-16,,2025-03-21,64,ews_warning,0,0,35,33,1,0,1,16,2,2,23,0.915,0.759,0.904,0.778,0.824,9.61,327,44,0,c42997a6-5881-47e7-9035-7de8a2673b54.1.v0,16,5,0.312,0,0,0,0,common_cause_episode_hold,외부계통·공통원인 계열,block_individual_precursor,site/root/subgroup simultaneous context without strict-proximal support,0
conalog,c42997a6-5881-47e7-9035-7de8a2673b54.2.0,전조형 고장,진행성 악화,다이오드형,다이오드·서브스트링형,2025-01-31,retrospective_onset_date,2025-01-31,,2025-05-28,117,ews_warning,0,0,91,89,0,0,0,50,11,11,39,0.912,0.802,0.829,0.768,0.875,8.254,323,10,0,c42997a6-5881-47e7-9035-7de8a2673b54.2.v0,18,1,0.056,0,0,0,0,intermittent_precursor_candidate,접속 불량·부분 개방 계열,manual_review_candidate,recurrent event/pre-alarm pattern without common-cause block,0
conalog,d0a55fe4-4fb3-4dd3-8c11-d1144442db27.1.11,전조형 고장,급격 종료,개방/장치이상형,센서·피드백형,2024-11-05,retrospective_onset_date,2024-11-05,,2024-12-05,30,ews_warning,0,0,2,1,1,0,1,1,0,0,0,1.015,0.994,1.011,0.985,0.984,0.773,344,10,0,d0a55fe4-4fb3-4dd3-8c11-d1144442db27.1.v0,18,0,0.0,1,1,0,0,manual_review_episode,개방/장치이상형,manual_review,threshold candidate inconclusive,0
conalog,d0a55fe4-4fb3-4dd3-8c11-d1144442db27.1.12,전조형 고장,급격 종료,개방/장치이상형,센서·피드백형,2024-11-07,retrospective_onset_date,2024-11-07,,2024-12-05,28,ews_warning,0,0,1,0,1,0,1,2,0,0,0,0.993,0.974,0.993,0.991,1.0,0.148,349,2,0,d0a55fe4-4fb3-4dd3-8c11-d1144442db27.1.v0,18,0,0.0,1,1,0,0,manual_review_episode,개방/장치이상형,manual_review,threshold candidate inconclusive,0
conalog,d0a55fe4-4fb3-4dd3-8c11-d1144442db27.1.13,전조형 고장,급격 종료,개방/장치이상형,센서·피드백형,2024-11-06,retrospective_onset_date,2024-11-06,,2024-12-05,29,ews_warning,0,0,1,0,1,0,1,2,0,0,0,0.994,0.972,0.998,0.997,0.998,0.002,349,15,0,d0a55fe4-4fb3-4dd3-8c11-d1144442db27.1.v0,18,0,0.0,1,1,0,0,manual_review_episode,개방/장치이상형,manual_review,threshold candidate inconclusive,0
conalog,d0a55fe4-4fb3-4dd3-8c11-d1144442db27.1.14,전조형 고장,급격 종료,개방/장치이상형,센서·피드백형,2024-11-07,retrospective_onset_date,2024-11-07,,2024-12-05,28,ews_warning,0,0,1,0,1,0,1,2,0,0,0,0.996,0.977,1.0,0.995,1.003,0.366,349,2,0,d0a55fe4-4fb3-4dd3-8c11-d1144442db27.1.v0,18,0,0.0,1,1,0,0,manual_review_episode,개방/장치이상형,manual_review,threshold candidate inconclusive,0
conalog,d0a55fe4-4fb3-4dd3-8c11-d1144442db27.1.15,전조형 고장,급격 종료,개방/장치이상형,센서·피드백형,2024-11-07,retrospective_onset_date,2024-11-07,,2024-12-05,28,ews_warning,0,0,1,0,1,0,1,1,0,0,0,1.001,0.977,1.032,0.998,1.032,0.351,349,2,0,d0a55fe4-4fb3-4dd3-8c11-d1144442db27.1.v0,18,0,0.0,1,1,0,0,manual_review_episode,개방/장치이상형,manual_review,threshold candidate inconclusive,0
conalog,d0a55fe4-4fb3-4dd3-8c11-d1144442db27.1.16,전조형 고장,급격 종료,개방/장치이상형,센서·피드백형,2024-11-09,retrospective_onset_date,2024-11-09,,2024-12-05,26,ews_warning,0,0,1,0,1,0,1,1,0,0,0,1.019,1.005,0.97,0.48,0.463,39.635,349,5,0,d0a55fe4-4fb3-4dd3-8c11-d1144442db27.1.v0,18,1,0.056,1,1,0,0,manual_review_episode,개방/장치이상형,manual_review,threshold candidate inconclusive,0
conalog,d0a55fe4-4fb3-4dd3-8c11-d1144442db27.1.17,전조형 고장,급격 종료,개방/장치이상형,센서·피드백형,2024-11-07,retrospective_onset_date,2024-11-07,,2024-12-05,28,ews_warning,0,0,1,0,1,0,1,1,0,0,0,1.018,1.002,1.004,1.004,0.998,0.274,349,2,0,d0a55fe4-4fb3-4dd3-8c11-d1144442db27.1.v0,18,0,0.0,1,1,0,0,manual_review_episode,개방/장치이상형,manual_review,threshold candidate inconclusive,0
conalog,d0a55fe4-4fb3-4dd3-8c11-d1144442db27.1.18,전조형 고장,급격 종료,개방/장치이상형,센서·피드백형,2024-11-05,retrospective_onset_date,2024-11-05,,2024-12-05,30,ews_warning,0,0,1,0,1,0,1,1,0,0,0,0.996,0.975,1.006,0.995,1.01,0.072,344,10,0,d0a55fe4-4fb3-4dd3-8c11-d1144442db27.1.v0,18,0,0.0,1,1,0,0,manual_review_episode,개방/장치이상형,manual_review,threshold candidate inconclusive,0
conalog,d0a55fe4-4fb3-4dd3-8c11-d1144442db27.2.10,전조형 고장,급격 종료,개방/장치이상형,센서·피드백형,2024-11-05,retrospective_onset_date,2024-11-05,,2024-12-05,30,prealarm_cond_hs_mid_or_hi,0,0,1,0,1,0,1,1,0,0,0,0.998,0.987,0.993,0.996,0.996,0.063,344,10,0,d0a55fe4-4fb3-4dd3-8c11-d1144442db27.2.v0,18,0,0.0,1,1,0,0,manual_review_episode,개방/장치이상형,manual_review,threshold candidate inconclusive,0
conalog,d0a55fe4-4fb3-4dd3-8c11-d1144442db27.2.11,전조형 고장,급격 종료,개방/장치이상형,센서·피드백형,2024-11-06,retrospective_onset_date,2024-11-06,,2024-12-05,29,prealarm_cond_hs_mid_or_hi,0,0,1,0,1,0,1,2,0,0,0,1.006,0.991,1.001,0.997,1.009,0.021,349,15,0,d0a55fe4-4fb3-4dd3-8c11-d1144442db27.2.v0,19,0,0.0,1,1,0,0,manual_review_episode,개방/장치이상형,manual_review,threshold candidate inconclusive,0
conalog,d0a55fe4-4fb3-4dd3-8c11-d1144442db27.2.12,전조형 고장,급격 종료,개방/장치이상형,센서·피드백형,2024-11-05,retrospective_onset_date,2024-11-05,,2024-12-05,30,prealarm_cond_hs_mid_or_hi,0,0,1,0,1,0,1,1,0,0,0,1.003,0.99,1.001,1.0,1.0,0.02,344,10,0,d0a55fe4-4fb3-4dd3-8c11-d1144442db27.2.v0,18,0,0.0,1,1,0,0,manual_review_episode,개방/장치이상형,manual_review,threshold candidate inconclusive,0
conalog,d0a55fe4-4fb3-4dd3-8c11-d1144442db27.2.13,전조형 고장,급격 종료,개방/장치이상형,센서·피드백형,2024-11-07,retrospective_onset_date,2024-11-07,,2024-12-05,28,prealarm_cond_hs_mid_or_hi,0,0,1,0,1,0,1,1,0,0,0,0.99,0.972,1.004,0.987,1.018,0.039,349,2,0,d0a55fe4-4fb3-4dd3-8c11-d1144442db27.2.v0,19,0,0.0,1,1,0,0,manual_review_episode,개방/장치이상형,manual_review,threshold candidate inconclusive,0
conalog,d0a55fe4-4fb3-4dd3-8c11-d1144442db27.2.14,전조형 고장,급격 종료,개방/장치이상형,센서·피드백형,2024-11-07,retrospective_onset_date,2024-11-07,,2024-12-06,29,prealarm_cond_ae_mid_or_hi,0,1,2,1,2,1,0,2,0,0,0,1.017,0.362,1.038,1.0,1.039,0.16,349,2,0,d0a55fe4-4fb3-4dd3-8c11-d1144442db27.2.v0,19,0,0.0,1,1,0,0,manual_review_episode,개방/장치이상형,manual_review,threshold candidate inconclusive,0
conalog,d0a55fe4-4fb3-4dd3-8c11-d1144442db27.2.15,전조형 고장,급격 종료,개방/장치이상형,센서·피드백형,2024-11-05,retrospective_onset_date,2024-11-05,,2024-12-06,31,prealarm_cond_hs_mid_or_hi,0,1,2,1,2,1,0,3,0,0,0,1.019,0.381,1.019,1.004,1.015,0.032,344,10,0,d0a55fe4-4fb3-4dd3-8c11-d1144442db27.2.v0,18,0,0.0,1,1,0,0,manual_review_episode,개방/장치이상형,manual_review,threshold candidate inconclusive,0
conalog,d0a55fe4-4fb3-4dd3-8c11-d1144442db27.2.16,전조형 고장,급격 종료,개방/장치이상형,센서·피드백형,2024-11-06,retrospective_onset_date,2024-11-06,,2024-12-05,29,prealarm_cond_hs_mid_or_hi,0,0,1,0,1,0,1,2,0,0,0,0.991,0.975,1.001,0.994,1.012,0.013,349,15,0,d0a55fe4-4fb3-4dd3-8c11-d1144442db27.2.v0,19,0,0.0,1,1,0,0,manual_review_episode,개방/장치이상형,manual_review,threshold candidate inconclusive,0
conalog,d0a55fe4-4fb3-4dd3-8c11-d1144442db27.2.17,전조형 고장,급격 종료,개방/장치이상형,센서·피드백형,2024-11-08,retrospective_onset_date,2024-11-08,,2024-12-05,27,prealarm_cond_ae_mid_or_hi,0,0,1,0,1,0,1,1,0,0,0,0.998,0.977,1.0,1.004,0.996,1.164,349,3,0,d0a55fe4-4fb3-4dd3-8c11-d1144442db27.2.v0,19,0,0.0,1,1,0,0,manual_review_episode,개방/장치이상형,manual_review,threshold candidate inconclusive,0
conalog,d0a55fe4-4fb3-4dd3-8c11-d1144442db27.2.9,전조형 고장,급격 종료,개방/장치이상형,센서·피드백형,2024-11-06,retrospective_onset_date,2024-11-06,,2024-12-05,29,prealarm_cond_hs_mid_or_hi,0,0,1,0,1,0,1,1,0,0,0,0.996,0.976,1.003,0.993,1.015,0.005,349,15,0,d0a55fe4-4fb3-4dd3-8c11-d1144442db27.2.v0,19,0,0.0,1,1,0,0,manual_review_episode,개방/장치이상형,manual_review,threshold candidate inconclusive,0
conalog,d15b9e13-4117-49ae-a78f-7ace013e48de.0.0,전조형 고장,급격 종료,개방/장치이상형,접속·부분개방형,2024-12-29,retrospective_onset_date,2024-12-29,,2025-02-19,52,ews_warning,0,0,49,47,0,0,0,31,13,13,25,0.858,0.672,0.826,0.823,1.008,13.156,328,48,0,d15b9e13-4117-49ae-a78f-7ace013e48de.0.v0,8,5,0.625,0,0,0,0,common_cause_episode_hold,외부계통·공통원인 계열,block_individual_precursor,site/root/subgroup simultaneous context without strict-proximal support,0
gangui,4fd0c566-e25e-4d51-96ca-57cc46940593.0.12,전조형 고장,진행성 악화,모듈손상형,열화형,2025-11-15,retrospective_onset_date,2025-11-15,,2025-11-22,7,anom_subtype:degradation,5,0,8,6,6,5,1,7,0,0,0,0.572,0.543,0.593,0.487,0.831,26.176,168,47,2,4fd0c566-e25e-4d51-96ca-57cc46940593.0.v0,30,6,0.2,1,1,0,0,manual_review_episode,모듈손상형,manual_review,threshold candidate inconclusive,0
gangui,4fd0c566-e25e-4d51-96ca-57cc46940593.0.13,전조형 고장,진행성 악화,모듈손상형,열화형,2025-11-17,retrospective_onset_date,2025-11-17,,2025-11-23,6,anom_subtype:degradation,1,1,7,5,4,3,1,5,0,0,0,0.587,0.551,0.593,0.501,0.852,20.612,168,29,5,4fd0c566-e25e-4d51-96ca-57cc46940593.0.v0,30,9,0.3,1,1,0,0,manual_review_episode,모듈손상형,manual_review,threshold candidate inconclusive,0
gangui,4fd0c566-e25e-4d51-96ca-57cc46940593.0.15,전조형 고장,진행성 악화,모듈손상형,열화형,2025-11-14,retrospective_onset_date,2025-11-14,,2025-11-17,3,anom_subtype:degradation,2,0,4,2,2,0,0,4,1,1,0,0.813,0.744,0.586,0.583,0.987,14.784,168,57,6,4fd0c566-e25e-4d51-96ca-57cc46940593.0.v0,30,12,0.4,1,1,0,0,manual_review_episode,모듈손상형,manual_review,threshold candidate inconclusive,0
gangui,4fd0c566-e25e-4d51-96ca-57cc46940593.0.17,급작 고장,급작 발생,다이오드형,다이오드·서브스트링형,2025-11-17,strict_trigger_date,,,2025-11-17,0,runtime_trigger_only,0,0,1,0,0,0,0,1,1,1,0,,,0.647,0.635,0.998,21.485,168,29,5,4fd0c566-e25e-4d51-96ca-57cc46940593.0.v0,30,9,0.3,0,0,0,0,common_cause_episode_hold,외부계통·공통원인 계열,block_individual_precursor,site/root/subgroup simultaneous context without strict-proximal support,0
gangui,4fd0c566-e25e-4d51-96ca-57cc46940593.2.10,급작 고장,급작 발생,개방/장치이상형,접속·부분개방형,2025-06-10,strict_trigger_date,,,2025-06-10,0,runtime_trigger_only,0,0,1,0,0,0,0,1,0,0,0,,,0.68,0.674,0.965,0.556,230,34,0,4fd0c566-e25e-4d51-96ca-57cc46940593.2.v0,6,2,0.333,0,0,0,0,common_cause_episode_hold,외부계통·공통원인 계열,block_individual_precursor,site/root/subgroup simultaneous context without strict-proximal support,0
gangui,4fd0c566-e25e-4d51-96ca-57cc46940593.3.0,급작 고장,급작 발생,다이오드형,다이오드·서브스트링형,2025-11-12,strict_trigger_date,,,2025-11-12,0,runtime_trigger_only,0,0,1,0,0,0,0,1,0,0,0,,,0.701,0.674,1.021,29.917,173,56,4,4fd0c566-e25e-4d51-96ca-57cc46940593.3.v1,27,11,0.407,0,0,0,0,common_cause_episode_hold,외부계통·공통원인 계열,block_individual_precursor,site/root/subgroup simultaneous context without strict-proximal support,0
gangui,4fd0c566-e25e-4d51-96ca-57cc46940593.3.1,전조형 고장,진행성 악화,모듈손상형,열화형,2025-11-11,retrospective_onset_date,2025-11-11,,2025-11-12,1,anom_subtype:degradation,2,0,2,0,2,0,0,2,0,0,0,,,0.484,0.336,0.715,51.666,167,59,10,4fd0c566-e25e-4d51-96ca-57cc46940593.3.v1,27,12,0.444,1,1,0,0,manual_review_episode,모듈손상형,manual_review,threshold candidate inconclusive,0
gangui,4fd0c566-e25e-4d51-96ca-57cc46940593.3.4,전조형 고장,진행성 악화,모듈손상형,열화형,2025-11-11,retrospective_onset_date,2025-11-11,,2025-11-11,0,anom_subtype:degradation,1,0,1,0,1,0,0,1,0,0,0,,,0.454,0.44,0.983,50.443,167,59,10,4fd0c566-e25e-4d51-96ca-57cc46940593.3.v1,27,12,0.444,1,1,0,0,manual_review_episode,모듈손상형,manual_review,threshold candidate inconclusive,0
gangui,4fd0c566-e25e-4d51-96ca-57cc46940593.3.5,급작 고장,급작 발생,다이오드형,다이오드·서브스트링형,2025-11-11,strict_trigger_date,,,2025-11-11,0,runtime_trigger_only,0,0,1,0,0,0,0,1,0,0,0,,,0.642,0.62,0.987,42.103,167,59,10,4fd0c566-e25e-4d51-96ca-57cc46940593.3.v1,27,12,0.444,0,0,0,0,common_cause_episode_hold,외부계통·공통원인 계열,block_individual_precursor,site/root/subgroup simultaneous context without strict-proximal support,0
gangui,4fd0c566-e25e-4d51-96ca-57cc46940593.3.6,급작 고장,급작 발생,다이오드형,다이오드·서브스트링형,2025-11-11,strict_trigger_date,,,2025-11-11,0,runtime_trigger_only,0,0,1,0,1,0,1,1,0,0,0,,,0.135,0.132,1.016,69.945,167,59,10,4fd0c566-e25e-4d51-96ca-57cc46940593.3.v1,27,12,0.444,0,0,0,0,common_cause_episode_hold,외부계통·공통원인 계열,block_individual_precursor,site/root/subgroup simultaneous context without strict-proximal support,0
gangui,4fd0c566-e25e-4d51-96ca-57cc46940593.4.10,급작 고장,급작 발생,다이오드형,다이오드·서브스트링형,2025-11-11,strict_trigger_date,,,2025-11-11,0,runtime_trigger_only,0,0,1,0,0,0,0,0,0,0,0,,,0.649,0.638,0.997,14.699,167,59,10,4fd0c566-e25e-4d51-96ca-57cc46940593.4.v1,24,10,0.417,0,0,0,0,common_cause_episode_hold,외부계통·공통원인 계열,block_individual_precursor,site/root/subgroup simultaneous context without strict-proximal support,0
gangui,4fd0c566-e25e-4d51-96ca-57cc46940593.4.11,전조형 고장,진행성 악화,모듈손상형,열화형,2025-11-11,retrospective_onset_date,2025-11-11,,2025-11-11,0,anom_subtype:degradation,1,0,1,0,1,0,0,1,0,0,0,,,0.478,0.471,0.993,23.29,167,59,10,4fd0c566-e25e-4d51-96ca-57cc46940593.4.v1,24,10,0.417,1,1,0,0,manual_review_episode,모듈손상형,manual_review,threshold candidate inconclusive,0
gangui,4fd0c566-e25e-4d51-96ca-57cc46940593.4.13,전조형 고장,진행성 악화,모듈손상형,열화형,2025-11-11,retrospective_onset_date,2025-11-11,,2025-11-11,0,anom_subtype:degradation,1,0,1,0,1,0,0,1,0,0,0,,,0.421,0.394,0.96,52.229,167,59,10,4fd0c566-e25e-4d51-96ca-57cc46940593.4.v1,24,10,0.417,1,1,0,0,manual_review_episode,모듈손상형,manual_review,threshold candidate inconclusive,0
gangui,4fd0c566-e25e-4d51-96ca-57cc46940593.4.15,전조형 고장,진행성 악화,개방/장치이상형,센서·피드백형,2025-09-25,retrospective_onset_date,2025-09-25,,2025-11-11,47,ews_warning,0,0,2,1,1,0,0,11,1,1,0,0.942,0.846,0.937,0.907,0.946,3.928,230,7,0,4fd0c566-e25e-4d51-96ca-57cc46940593.4.v0,6,1,0.167,1,1,0,0,manual_review_episode,개방/장치이상형,manual_review,threshold candidate inconclusive,0
gangui,4fd0c566-e25e-4d51-96ca-57cc46940593.4.17,급작 고장,급작 발생,개방/장치이상형,접속·부분개방형,2025-06-08,strict_trigger_date,,,2025-06-08,0,runtime_trigger_only,0,0,1,0,0,0,0,0,0,0,0,,,0.643,0.657,0.984,0.039,230,7,0,4fd0c566-e25e-4d51-96ca-57cc46940593.4.v0,6,1,0.167,1,0,0,0,common_cause_episode_hold,외부계통·공통원인 계열,block_individual_precursor,site/root/subgroup simultaneous context without strict-proximal support,0
gangui,4fd0c566-e25e-4d51-96ca-57cc46940593.4.2,급작 고장,급작 발생,다이오드형,다이오드·서브스트링형,2025-11-11,strict_trigger_date,,,2025-11-11,0,runtime_trigger_only,0,0,1,0,0,0,1,1,0,0,0,,,0.639,0.537,0.89,43.384,167,59,10,4fd0c566-e25e-4d51-96ca-57cc46940593.4.v1,24,10,0.417,0,0,0,0,common_cause_episode_hold,외부계통·공통원인 계열,block_individual_precursor,site/root/subgroup simultaneous context without strict-proximal support,0
gangui,4fd0c566-e25e-4d51-96ca-57cc46940593.4.22,급작 고장,급작 발생,다이오드형,다이오드·서브스트링형,2025-11-13,strict_trigger_date,,,2025-11-13,0,runtime_trigger_only,0,0,1,0,0,0,0,1,0,0,0,,,0.805,0.778,1.023,28.552,167,48,2,4fd0c566-e25e-4d51-96ca-57cc46940593.4.v1,24,8,0.333,0,0,0,0,common_cause_episode_hold,외부계통·공통원인 계열,block_individual_precursor,site/root/subgroup simultaneous context without strict-proximal support,0
gangui,4fd0c566-e25e-4d51-96ca-57cc46940593.4.26,전조형 고장,진행성 악화,다이오드형,다이오드·서브스트링형,2025-12-09,retrospective_onset_date,2025-12-09,,2025-12-15,6,ews_warning,0,0,4,2,0,0,1,2,2,1,0,0.947,0.805,0.96,1.009,0.937,7.967,230,21,0,4fd0c566-e25e-4d51-96ca-57cc46940593.4.v1,24,1,0.042,0,0,0,0,common_cause_episode_hold,외부계통·공통원인 계열,block_individual_precursor,site/root/subgroup simultaneous context without strict-proximal support,0
gangui,4fd0c566-e25e-4d51-96ca-57cc46940593.4.3,전조형 고장,진행성 악화,모듈손상형,열화형,2025-11-11,retrospective_onset_date,2025-11-11,,2025-11-13,2,anom_subtype:degradation,3,0,3,1,3,1,0,3,0,0,0,0.381,0.381,0.399,0.35,0.932,55.566,167,59,10,4fd0c566-e25e-4d51-96ca-57cc46940593.4.v1,24,10,0.417,1,1,0,0,manual_review_episode,모듈손상형,manual_review,threshold candidate inconclusive,0
gangui,bf1a912f-6cf0-4f12-8e97-9d9d86576511.0.7,급작 고장,급작 발생,다이오드형,다이오드·서브스트링형,2025-06-08,strict_trigger_date,,,2025-06-08,0,runtime_trigger_only,0,0,1,0,0,0,0,0,0,0,0,,,0.93,0.74,0.999,3.139,230,7,0,bf1a912f-6cf0-4f12-8e97-9d9d86576511.0.v0,16,2,0.125,0,0,0,0,sudden_fault_strict_anchor,strict trigger anchored sudden fault,no_precursor_promotion,no accepted precursor under threshold candidate,0
gangui,bf1a912f-6cf0-4f12-8e97-9d9d86576511.0.9,급작 고장,급작 발생,다이오드형,다이오드·서브스트링형,2025-10-27,strict_trigger_date,,,2025-10-27,0,runtime_trigger_only,0,0,1,0,0,0,0,0,0,0,0,,,0.799,0.802,0.996,1.024,230,17,0,bf1a912f-6cf0-4f12-8e97-9d9d86576511.0.v0,16,2,0.125,0,0,0,0,sudden_fault_strict_anchor,strict trigger anchored sudden fault,no_precursor_promotion,no accepted precursor under threshold candidate,0
gangui,bf1a912f-6cf0-4f12-8e97-9d9d86576511.1.0,전조형 고장,진행성 악화,모듈손상형,열화형,2025-11-18,retrospective_onset_date,2025-11-18,,2025-11-26,8,ews_warning,0,0,2,0,2,0,1,8,4,4,0,1.506,1.022,0.144,1.026,0.083,90.797,166,42,6,bf1a912f-6cf0-4f12-8e97-9d9d86576511.1.v0,17,9,0.529,0,1,0,0,manual_review_episode,모듈손상형,manual_review,threshold candidate inconclusive,0
gangui,bf1a912f-6cf0-4f12-8e97-9d9d86576511.1.1,전조형 고장,급격 종료,개방/장치이상형,센서·피드백형,2025-11-15,retrospective_onset_date,2025-11-15,,2025-11-26,11,ews_warning,0,0,3,2,2,1,1,4,4,4,0,1.0,0.0,1.536,1.02,1.556,60.367,168,47,2,bf1a912f-6cf0-4f12-8e97-9d9d86576511.1.v0,17,8,0.471,0,1,0,0,measurement_or_transient_episode,센서·계측 피드백 계열 후보,hold_episode_only,transient low followed by short-term over-shoot/recovery,0
gangui,bf1a912f-6cf0-4f12-8e97-9d9d86576511.1.2,급작 고장,급작 발생,개방/장치이상형,센서·피드백형,2025-11-11,strict_trigger_date,,,2025-11-11,0,runtime_trigger_only,0,0,1,0,1,0,1,1,0,0,0,,,0.0,1.005,0.0,86.273,167,59,10,bf1a912f-6cf0-4f12-8e97-9d9d86576511.1.v0,17,8,0.471,0,0,0,0,common_cause_episode_hold,외부계통·공통원인 계열,block_individual_precursor,site/root/subgroup simultaneous context without strict-proximal support,0
gangui,bf1a912f-6cf0-4f12-8e97-9d9d86576511.1.3,급작 고장,급작 발생,개방/장치이상형,센서·피드백형,2025-11-11,strict_trigger_date,,,2025-11-11,0,runtime_trigger_only,0,0,1,0,1,0,1,1,0,0,0,,,0.0,1.009,0.0,95.974,167,59,10,bf1a912f-6cf0-4f12-8e97-9d9d86576511.1.v0,17,8,0.471,0,0,0,0,common_cause_episode_hold,외부계통·공통원인 계열,block_individual_precursor,site/root/subgroup simultaneous context without strict-proximal support,0
gangui,bf1a912f-6cf0-4f12-8e97-9d9d86576511.1.4,급작 고장,급작 발생,개방/장치이상형,센서·피드백형,2025-11-11,strict_trigger_date,,,2025-11-11,0,runtime_trigger_only,0,0,1,0,1,0,1,1,0,0,0,,,0.0,1.0,0.0,85.633,167,59,10,bf1a912f-6cf0-4f12-8e97-9d9d86576511.1.v0,17,8,0.471,0,0,0,0,common_cause_episode_hold,외부계통·공통원인 계열,block_individual_precursor,site/root/subgroup simultaneous context without strict-proximal support,0
gangui,bf1a912f-6cf0-4f12-8e97-9d9d86576511.1.5,급작 고장,급작 발생,개방/장치이상형,센서·피드백형,2025-11-11,strict_trigger_date,,,2025-11-11,0,runtime_trigger_only,0,0,1,0,1,0,1,1,0,0,0,,,0.0,1.008,0.0,93.793,167,59,10,bf1a912f-6cf0-4f12-8e97-9d9d86576511.1.v0,17,8,0.471,0,0,0,0,common_cause_episode_hold,외부계통·공통원인 계열,block_individual_precursor,site/root/subgroup simultaneous context without strict-proximal support,0
gangui,bf1a912f-6cf0-4f12-8e97-9d9d86576511.1.6,급작 고장,급작 발생,개방/장치이상형,센서·피드백형,2025-11-11,strict_trigger_date,,,2025-11-11,0,runtime_trigger_only,0,0,1,0,1,0,1,1,0,0,0,,,0.0,1.002,0.0,87.57,167,59,10,bf1a912f-6cf0-4f12-8e97-9d9d86576511.1.v0,17,8,0.471,0,0,0,0,common_cause_episode_hold,외부계통·공통원인 계열,block_individual_precursor,site/root/subgroup simultaneous context without strict-proximal support,0
gangui,bf1a912f-6cf0-4f12-8e97-9d9d86576511.1.7,급작 고장,급작 발생,개방/장치이상형,센서·피드백형,2025-11-11,strict_trigger_date,,,2025-11-11,0,runtime_trigger_only,0,0,1,0,1,0,1,1,0,0,0,,,0.0,1.005,0.0,90.734,167,59,10,bf1a912f-6cf0-4f12-8e97-9d9d86576511.1.v0,17,8,0.471,0,0,0,0,common_cause_episode_hold,외부계통·공통원인 계열,block_individual_precursor,site/root/subgroup simultaneous context without strict-proximal support,0
gangui,bf1a912f-6cf0-4f12-8e97-9d9d86576511.1.8,급작 고장,급작 발생,개방/장치이상형,센서·피드백형,2025-11-11,strict_trigger_date,,,2025-11-11,0,runtime_trigger_only,0,0,1,0,1,0,1,1,0,0,0,,,0.0,0.998,0.0,97.81,167,59,10,bf1a912f-6cf0-4f12-8e97-9d9d86576511.1.v0,17,8,0.471,0,0,0,0,common_cause_episode_hold,외부계통·공통원인 계열,block_individual_precursor,site/root/subgroup simultaneous context without strict-proximal support,0
gangui,bf1a912f-6cf0-4f12-8e97-9d9d86576511.1.9,급작 고장,급작 발생,개방/장치이상형,센서·피드백형,2025-11-11,strict_trigger_date,,,2025-11-11,0,runtime_trigger_only,0,0,1,0,1,0,1,1,0,0,0,,,0.0,1.005,0.0,102.899,167,59,10,bf1a912f-6cf0-4f12-8e97-9d9d86576511.1.v0,17,8,0.471,0,0,0,0,common_cause_episode_hold,외부계통·공통원인 계열,block_individual_precursor,site/root/subgroup simultaneous context without strict-proximal support,0
gangui,bf1a912f-6cf0-4f12-8e97-9d9d86576511.2.0,전조형 고장,진행성 악화,개방/장치이상형,센서·피드백형,2025-11-11,retrospective_onset_date,2025-11-11,,2025-11-12,1,anom_subtype:degradation,1,0,1,0,2,0,0,2,0,0,0,,,0.225,1.014,0.042,93.601,167,59,10,bf1a912f-6cf0-4f12-8e97-9d9d86576511.2.v0,17,0,0.0,0,0,0,0,common_cause_episode_hold,외부계통·공통원인 계열,block_individual_precursor,site/root/subgroup simultaneous context without strict-proximal support,0
gangui,bf1a912f-6cf0-4f12-8e97-9d9d86576511.2.1,전조형 고장,진행성 악화,개방/장치이상형,센서·피드백형,2025-11-11,retrospective_onset_date,2025-11-11,,2025-11-12,1,anom_subtype:degradation,1,0,1,0,2,0,0,2,0,0,0,,,0.336,1.015,0.062,93.882,167,59,10,bf1a912f-6cf0-4f12-8e97-9d9d86576511.2.v0,17,0,0.0,0,0,0,0,common_cause_episode_hold,외부계통·공통원인 계열,block_individual_precursor,site/root/subgroup simultaneous context without strict-proximal support,0
gangui,bf1a912f-6cf0-4f12-8e97-9d9d86576511.2.10,급작 고장,급작 발생,개방/장치이상형,센서·피드백형,2025-11-11,strict_trigger_date,,,2025-11-11,0,runtime_trigger_only,0,0,0,0,1,0,0,1,0,0,0,,,0.0,0.996,0.0,97.183,167,59,10,bf1a912f-6cf0-4f12-8e97-9d9d86576511.2.v0,17,0,0.0,0,0,0,0,common_cause_episode_hold,외부계통·공통원인 계열,block_individual_precursor,site/root/subgroup simultaneous context without strict-proximal support,0
gangui,bf1a912f-6cf0-4f12-8e97-9d9d86576511.2.11,급작 고장,급작 발생,개방/장치이상형,센서·피드백형,2025-11-11,strict_trigger_date,,,2025-11-11,0,runtime_trigger_only,0,0,0,0,1,0,0,1,0,0,0,,,0.0,0.996,0.0,87.761,167,59,10,bf1a912f-6cf0-4f12-8e97-9d9d86576511.2.v0,17,0,0.0,0,0,0,0,common_cause_episode_hold,외부계통·공통원인 계열,block_individual_precursor,site/root/subgroup simultaneous context without strict-proximal support,0
gangui,bf1a912f-6cf0-4f12-8e97-9d9d86576511.2.12,급작 고장,급작 발생,개방/장치이상형,센서·피드백형,2025-11-11,strict_trigger_date,,,2025-11-11,0,runtime_trigger_only,0,0,0,0,1,0,0,1,0,0,0,,,0.0,0.993,0.0,89.917,167,59,10,bf1a912f-6cf0-4f12-8e97-9d9d86576511.2.v0,17,0,0.0,0,0,0,0,common_cause_episode_hold,외부계통·공통원인 계열,block_individual_precursor,site/root/subgroup simultaneous context without strict-proximal support,0
gangui,bf1a912f-6cf0-4f12-8e97-9d9d86576511.2.16,급작 고장,급작 발생,다이오드형,다이오드·서브스트링형,2025-06-08,strict_trigger_date,,,2025-06-08,0,runtime_trigger_only,0,0,1,0,0,0,0,0,0,0,0,,,0.651,0.588,0.883,1.44,230,7,0,bf1a912f-6cf0-4f12-8e97-9d9d86576511.2.v0,17,1,0.059,0,0,0,0,sudden_fault_strict_anchor,strict trigger anchored sudden fault,no_precursor_promotion,no accepted precursor under threshold candidate,0
gangui,bf1a912f-6cf0-4f12-8e97-9d9d86576511.2.2,급작 고장,급작 발생,개방/장치이상형,센서·피드백형,2025-11-13,strict_trigger_date,,,2025-11-13,0,runtime_trigger_only,0,0,1,0,1,0,1,1,0,0,0,,,0.0,0.998,0.0,101.052,167,48,2,bf1a912f-6cf0-4f12-8e97-9d9d86576511.2.v0,17,14,0.824,0,0,0,0,common_cause_episode_hold,외부계통·공통원인 계열,block_individual_precursor,site/root/subgroup simultaneous context without strict-proximal support,0
gangui,bf1a912f-6cf0-4f12-8e97-9d9d86576511.2.3,급작 고장,급작 발생,개방/장치이상형,센서·피드백형,2025-11-11,strict_trigger_date,,,2025-11-11,0,runtime_trigger_only,0,0,0,0,1,0,0,1,0,0,0,,,0.113,1.008,0.021,96.467,167,59,10,bf1a912f-6cf0-4f12-8e97-9d9d86576511.2.v0,17,0,0.0,0,0,0,0,common_cause_episode_hold,외부계통·공통원인 계열,block_individual_precursor,site/root/subgroup simultaneous context without strict-proximal support,0
gangui,bf1a912f-6cf0-4f12-8e97-9d9d86576511.2.4,급작 고장,급작 발생,개방/장치이상형,센서·피드백형,2025-11-13,strict_trigger_date,,,2025-11-13,0,runtime_trigger_only,0,0,1,0,1,0,1,1,0,0,0,,,0.0,1.001,0.0,98.36,167,48,2,bf1a912f-6cf0-4f12-8e97-9d9d86576511.2.v0,17,14,0.824,0,0,0,0,common_cause_episode_hold,외부계통·공통원인 계열,block_individual_precursor,site/root/subgroup simultaneous context without strict-proximal support,0
gangui,bf1a912f-6cf0-4f12-8e97-9d9d86576511.2.5,급작 고장,급작 발생,개방/장치이상형,센서·피드백형,2025-11-13,strict_trigger_date,,,2025-11-13,0,runtime_trigger_only,0,0,1,0,1,0,1,1,0,0,0,,,0.002,1.003,0.001,97.39,167,48,2,bf1a912f-6cf0-4f12-8e97-9d9d86576511.2.v0,17,14,0.824,0,0,0,0,common_cause_episode_hold,외부계통·공통원인 계열,block_individual_precursor,site/root/subgroup simultaneous context without strict-proximal support,0
gangui,bf1a912f-6cf0-4f12-8e97-9d9d86576511.2.6,급작 고장,급작 발생,개방/장치이상형,센서·피드백형,2025-11-13,strict_trigger_date,,,2025-11-13,0,runtime_trigger_only,0,0,1,0,1,0,1,1,0,0,0,,,0.0,1.0,0.0,99.743,167,48,2,bf1a912f-6cf0-4f12-8e97-9d9d86576511.2.v0,17,14,0.824,0,0,0,0,common_cause_episode_hold,외부계통·공통원인 계열,block_individual_precursor,site/root/subgroup simultaneous context without strict-proximal support,0
gangui,bf1a912f-6cf0-4f12-8e97-9d9d86576511.2.7,급작 고장,급작 발생,개방/장치이상형,센서·피드백형,2025-11-12,strict_trigger_date,,,2025-11-12,0,runtime_trigger_only,0,0,1,0,1,0,0,1,0,0,0,,,0.0,0.998,0.0,98.194,173,56,4,bf1a912f-6cf0-4f12-8e97-9d9d86576511.2.v0,17,8,0.471,0,0,0,0,common_cause_episode_hold,외부계통·공통원인 계열,block_individual_precursor,site/root/subgroup simultaneous context without strict-proximal support,0
gangui,bf1a912f-6cf0-4f12-8e97-9d9d86576511.2.8,급작 고장,급작 발생,불충분,원인미확정,2025-11-13,strict_trigger_date,,,2025-11-13,0,runtime_trigger_only,0,0,1,0,1,0,1,1,0,0,0,,,0.003,1.0,0.002,98.685,167,48,2,bf1a912f-6cf0-4f12-8e97-9d9d86576511.2.v0,17,14,0.824,0,0,0,0,common_cause_episode_hold,외부계통·공통원인 계열,block_individual_precursor,site/root/subgroup simultaneous context without strict-proximal support,0
gangui,bf1a912f-6cf0-4f12-8e97-9d9d86576511.2.9,급작 고장,급작 발생,개방/장치이상형,센서·피드백형,2025-11-11,strict_trigger_date,,,2025-11-11,0,runtime_trigger_only,0,0,0,0,1,0,0,1,0,0,0,,,0.0,1.002,0.0,96.586,167,59,10,bf1a912f-6cf0-4f12-8e97-9d9d86576511.2.v0,17,0,0.0,0,0,0,0,common_cause_episode_hold,외부계통·공통원인 계열,block_individual_precursor,site/root/subgroup simultaneous context without strict-proximal support,0
ktc_ess,10305b40-b67e-40d1-9cd1-271b6642a3d9.0.17,전조형 고장,진행성 악화,불충분,원인미확정,2024-10-13,retrospective_onset_date,2024-10-13,,2025-01-29,108,ews_warning,0,0,5,4,0,0,1,4,0,0,0,0.992,0.787,1.002,1.007,0.994,0.057,187,0,0,10305b40-b67e-40d1-9cd1-271b6642a3d9.0.v0,18,0,0.0,0,0,0,0,intermittent_precursor_candidate,접속 불량·부분 개방 계열,manual_review_candidate,recurrent event/pre-alarm pattern without common-cause block,0
ktc_ess,10305b40-b67e-40d1-9cd1-271b6642a3d9.1.12,전조형 고장,진행성 악화,불충분,원인미확정,2024-12-11,retrospective_onset_date,2024-12-11,,2025-01-29,49,ews_warning,0,0,4,3,1,1,1,7,6,3,0,1.007,0.224,0.987,1.0,0.986,4.942,187,5,0,10305b40-b67e-40d1-9cd1-271b6642a3d9.1.v0,18,0,0.0,0,0,0,0,intermittent_precursor_candidate,접속 불량·부분 개방 계열,manual_review_candidate,recurrent event/pre-alarm pattern without common-cause block,0
ktc_ess,10305b40-b67e-40d1-9cd1-271b6642a3d9.1.13,전조형 고장,진행성 악화,불충분,원인미확정,2024-12-11,retrospective_onset_date,2024-12-11,,2025-01-29,49,ews_warning,0,0,3,2,2,1,1,6,6,5,0,0.993,0.287,0.974,1.001,0.973,4.726,187,5,0,10305b40-b67e-40d1-9cd1-271b6642a3d9.1.v0,18,0,0.0,0,0,0,0,intermittent_precursor_candidate,접속 불량·부분 개방 계열,manual_review_candidate,recurrent event/pre-alarm pattern without common-cause block,0
ktc_ess,10305b40-b67e-40d1-9cd1-271b6642a3d9.1.15,급작 고장,급작 발생,모듈손상형,열화형,2025-01-29,g1_original_suppressed_onset,,2025-01-29,2025-10-26,270,runtime_trigger_only,1,0,9,7,3,1,1,15,3,1,0,1.0,0.0,0.581,0.865,0.642,17.672,184,59,9,10305b40-b67e-40d1-9cd1-271b6642a3d9.1.v0,17,8,0.471,0,1,1,1,long_gap_one_day_episode_hold,열화·오염·음영 계열 후보 보류,block_precursor_backdating,one-day degradation with gap>120 days; retain as early stress episode only,0
ktc_ess,10305b40-b67e-40d1-9cd1-271b6642a3d9.1.16,전조형 고장,진행성 악화,불충분,원인미확정,2024-12-11,retrospective_onset_date,2024-12-11,,2025-01-29,49,ews_warning,0,0,6,5,2,2,1,8,6,4,0,0.996,0.176,0.962,0.995,0.966,4.382,187,5,0,10305b40-b67e-40d1-9cd1-271b6642a3d9.1.v0,18,0,0.0,0,0,0,0,intermittent_precursor_candidate,접속 불량·부분 개방 계열,manual_review_candidate,recurrent event/pre-alarm pattern without common-cause block,0
ktc_ess,10305b40-b67e-40d1-9cd1-271b6642a3d9.2.12,급작 고장,급작 발생,다이오드형,다이오드·서브스트링형,2025-08-16,strict_trigger_date,,,2025-08-16,0,runtime_trigger_only,0,0,1,0,0,0,0,0,0,0,0,,,0.673,0.654,1.019,8.382,187,26,0,10305b40-b67e-40d1-9cd1-271b6642a3d9.2.v0,18,1,0.056,0,0,0,0,common_cause_episode_hold,외부계통·공통원인 계열,block_individual_precursor,site/root/subgroup simultaneous context without strict-proximal support,0
ktc_ess,10305b40-b67e-40d1-9cd1-271b6642a3d9.2.14,급작 고장,급작 발생,불충분,원인미확정,2025-10-26,strict_trigger_date,,,2025-10-26,0,runtime_trigger_only,0,0,1,0,1,0,1,1,0,0,0,,,0.0,1.146,0.0,95.353,187,96,10,10305b40-b67e-40d1-9cd1-271b6642a3d9.2.v0,18,6,0.333,0,1,0,0,sudden_fault_strict_anchor,strict trigger anchored sudden fault,no_precursor_promotion,no accepted precursor under threshold candidate,0
ktc_ess,10305b40-b67e-40d1-9cd1-271b6642a3d9.2.15,급작 고장,급작 발생,모듈손상형,열화형,2025-01-29,g1_original_suppressed_onset,,2025-01-29,2025-10-26,270,runtime_trigger_only,1,0,7,5,3,1,1,9,0,0,0,1.012,0.0,0.562,0.897,0.614,21.135,184,59,9,10305b40-b67e-40d1-9cd1-271b6642a3d9.2.v0,18,7,0.389,0,1,1,1,long_gap_one_day_episode_hold,열화·오염·음영 계열 후보 보류,block_precursor_backdating,one-day degradation with gap>120 days; retain as early stress episode only,0
ktc_ess,10305b40-b67e-40d1-9cd1-271b6642a3d9.2.17,급작 고장,급작 발생,불충분,원인미확정,2025-10-26,strict_trigger_date,,,2025-10-26,0,runtime_trigger_only,0,0,1,0,1,0,1,1,0,0,0,,,0.0,1.139,0.0,95.824,187,96,10,10305b40-b67e-40d1-9cd1-271b6642a3d9.2.v0,18,6,0.333,0,1,0,0,sudden_fault_strict_anchor,strict trigger anchored sudden fault,no_precursor_promotion,no accepted precursor under threshold candidate,0
ktc_ess,70ad2d87-cdb6-4842-81b7-71c7599bbf05.0.1,전조형 고장,진행성 악화,모듈손상형,열화형,2024-12-22,retrospective_onset_date,2024-12-22,,2025-02-12,52,anom_subtype:degradation,2,0,8,6,3,1,1,3,0,0,0,0.988,0.531,0.443,1.028,0.416,29.668,184,61,5,70ad2d87-cdb6-4842-81b7-71c7599bbf05.0.v0,19,6,0.316,1,0,0,0,common_cause_episode_hold,외부계통·공통원인 계열,block_individual_precursor,site/root/subgroup simultaneous context without strict-proximal support,0
ktc_ess,70ad2d87-cdb6-4842-81b7-71c7599bbf05.1.4,전조형 고장,진행성 악화,모듈손상형,열화형,2025-01-31,retrospective_onset_date,2025-01-31,,2025-02-02,2,ews_warning,1,0,3,1,1,0,0,1,1,1,0,1.167,1.167,1.003,0.682,1.504,13.901,169,29,0,70ad2d87-cdb6-4842-81b7-71c7599bbf05.1.v0,18,4,0.222,0,0,0,0,common_cause_episode_hold,외부계통·공통원인 계열,block_individual_precursor,site/root/subgroup simultaneous context without strict-proximal support,0
ktc_ess,e089076c-92c1-4365-8641-2182b4f274e6.1.9,전조형 고장,진행성 악화,모듈손상형,열화형,2024-11-29,g1_original_suppressed_onset,2024-11-29,2024-11-29,2025-02-12,75,anom_subtype:degradation,1,0,3,1,1,0,1,3,0,0,0,0.995,0.89,0.457,0.466,0.984,35.322,179,65,3,e089076c-92c1-4365-8641-2182b4f274e6.1.v0,17,5,0.294,1,0,1,0,common_cause_episode_hold,외부계통·공통원인 계열,block_individual_precursor,site/root/subgroup simultaneous context without strict-proximal support,0
ktc_ess,e089076c-92c1-4365-8641-2182b4f274e6.2.0,전조형 고장,진행성 악화,모듈손상형,열화형,2025-05-09,retrospective_onset_date,2025-05-09,,2025-05-16,7,anom_subtype:degradation,1,0,5,3,1,0,1,1,0,0,0,1.001,0.991,0.47,1.005,0.465,23.921,179,13,12,e089076c-92c1-4365-8641-2182b4f274e6.2.v0,19,6,0.316,1,0,0,0,common_cause_episode_hold,외부계통·공통원인 계열,block_individual_precursor,site/root/subgroup simultaneous context without strict-proximal support,0
ktc_ess,e089076c-92c1-4365-8641-2182b4f274e6.2.3,전조형 고장,진행성 악화,모듈손상형,열화형,2025-05-09,retrospective_onset_date,2025-05-09,,2025-05-16,7,anom_subtype:degradation,1,0,5,3,1,0,1,1,0,0,0,1.006,0.995,0.439,1.007,0.433,28.256,179,13,12,e089076c-92c1-4365-8641-2182b4f274e6.2.v0,19,6,0.316,1,0,0,0,common_cause_episode_hold,외부계통·공통원인 계열,block_individual_precursor,site/root/subgroup simultaneous context without strict-proximal support,0
ktc_ess,ed5e3367-fbd4-4c8c-be33-c5d1c5e191b7.0.12,전조형 고장,진행성 악화,불충분,원인미확정,2024-12-11,retrospective_onset_date,2024-12-11,,2025-01-29,49,ews_warning,0,0,5,4,2,1,1,6,6,4,0,0.957,0.432,0.956,0.997,0.954,6.028,187,5,0,ed5e3367-fbd4-4c8c-be33-c5d1c5e191b7.0.v0,19,0,0.0,1,1,0,0,manual_review_episode,불충분,manual_review,threshold candidate inconclusive,0
ktc_ess,ed5e3367-fbd4-4c8c-be33-c5d1c5e191b7.0.13,급작 고장,급작 발생,모듈손상형,열화형,2025-01-29,g1_original_suppressed_onset,,2025-01-29,2025-10-26,270,runtime_trigger_only,1,0,6,4,3,1,1,32,3,3,0,1.009,0.0,0.494,0.99,0.499,23.178,184,59,9,ed5e3367-fbd4-4c8c-be33-c5d1c5e191b7.0.v0,19,7,0.368,1,1,1,1,long_gap_one_day_episode_hold,열화·오염·음영 계열 후보 보류,block_precursor_backdating,one-day degradation with gap>120 days; retain as early stress episode only,0
ktc_ess,ed5e3367-fbd4-4c8c-be33-c5d1c5e191b7.0.14,전조형 고장,진행성 악화,불충분,원인미확정,2024-12-11,retrospective_onset_date,2024-12-11,,2025-01-29,49,ews_warning,0,0,5,4,2,1,1,6,6,4,0,0.983,0.458,0.983,1.011,0.967,6.879,187,5,0,ed5e3367-fbd4-4c8c-be33-c5d1c5e191b7.0.v0,19,0,0.0,1,1,0,0,manual_review_episode,불충분,manual_review,threshold candidate inconclusive,0
ktc_ess,ed5e3367-fbd4-4c8c-be33-c5d1c5e191b7.0.15,급작 고장,급작 발생,모듈손상형,열화형,2025-01-29,g1_original_suppressed_onset,,2025-01-29,2025-10-26,270,runtime_trigger_only,1,0,11,9,3,1,1,31,3,1,0,1.009,0.0,0.488,0.998,0.489,24.154,184,59,9,ed5e3367-fbd4-4c8c-be33-c5d1c5e191b7.0.v0,19,7,0.368,1,1,1,1,long_gap_one_day_episode_hold,열화·오염·음영 계열 후보 보류,block_precursor_backdating,one-day degradation with gap>120 days; retain as early stress episode only,0
ktc_ess,ed5e3367-fbd4-4c8c-be33-c5d1c5e191b7.0.16,급작 고장,급작 발생,모듈손상형,열화형,2025-01-29,g1_original_suppressed_onset,,2025-01-29,2025-10-26,270,runtime_trigger_only,1,0,8,6,3,1,1,35,3,2,0,0.999,0.0,0.368,0.837,0.428,39.068,184,59,9,ed5e3367-fbd4-4c8c-be33-c5d1c5e191b7.0.v0,19,7,0.368,1,1,1,1,long_gap_one_day_episode_hold,열화·오염·음영 계열 후보 보류,block_precursor_backdating,one-day degradation with gap>120 days; retain as early stress episode only,0
ktc_ess,ed5e3367-fbd4-4c8c-be33-c5d1c5e191b7.0.17,전조형 고장,진행성 악화,모듈손상형,열화형,2024-10-25,retrospective_onset_date,2024-10-25,,2025-01-29,96,ews_warning,1,0,7,6,3,2,1,18,8,8,0,0.976,0.457,0.999,1.004,0.994,0.097,187,1,0,ed5e3367-fbd4-4c8c-be33-c5d1c5e191b7.0.v0,19,1,0.053,1,1,0,0,manual_review_episode,모듈손상형,manual_review,threshold candidate inconclusive,0
ktc_ess,ed5e3367-fbd4-4c8c-be33-c5d1c5e191b7.0.18,급작 고장,급작 발생,모듈손상형,열화형,2025-01-29,g1_original_suppressed_onset,,2025-01-29,2025-10-26,270,runtime_trigger_only,1,0,14,12,3,1,1,29,3,2,0,1.007,0.0,0.443,0.954,0.462,30.689,184,59,9,ed5e3367-fbd4-4c8c-be33-c5d1c5e191b7.0.v0,19,7,0.368,1,1,1,1,long_gap_one_day_episode_hold,열화·오염·음영 계열 후보 보류,block_precursor_backdating,one-day degradation with gap>120 days; retain as early stress episode only,0
ktc_ess,ed5e3367-fbd4-4c8c-be33-c5d1c5e191b7.1.12,전조형 고장,진행성 악화,모듈손상형,열화형,2025-10-06,retrospective_onset_date,2025-10-06,,2025-10-26,20,ews_warning,0,0,3,2,2,1,1,9,7,7,0,1.028,0.014,1.434,0.996,1.444,26.488,185,28,17,ed5e3367-fbd4-4c8c-be33-c5d1c5e191b7.1.v0,19,0,0.0,1,1,0,0,manual_review_episode,모듈손상형,manual_review,threshold candidate inconclusive,0
ktc_ess,ed5e3367-fbd4-4c8c-be33-c5d1c5e191b7.1.13,전조형 고장,진행성 악화,불충분,원인미확정,2024-10-12,retrospective_onset_date,2024-10-12,,2025-01-29,109,ews_warning,0,0,5,4,2,1,1,0,0,0,0,0.975,0.451,0.982,1.002,0.979,3.359,187,0,0,ed5e3367-fbd4-4c8c-be33-c5d1c5e191b7.1.v0,19,0,0.0,1,1,0,0,manual_review_episode,불충분,manual_review,threshold candidate inconclusive,0
ktc_ess,ed5e3367-fbd4-4c8c-be33-c5d1c5e191b7.1.14,전조형 고장,진행성 악화,모듈손상형,열화형,2025-10-06,retrospective_onset_date,2025-10-06,,2025-10-26,20,ews_warning,0,0,3,2,2,1,1,7,5,5,0,0.998,0.005,1.387,0.986,1.41,23.086,185,28,17,ed5e3367-fbd4-4c8c-be33-c5d1c5e191b7.1.v0,19,0,0.0,1,1,0,0,manual_review_episode,모듈손상형,manual_review,threshold candidate inconclusive,0
ktc_ess,ed5e3367-fbd4-4c8c-be33-c5d1c5e191b7.1.15,전조형 고장,진행성 악화,불충분,원인미확정,2024-10-12,retrospective_onset_date,2024-10-12,,2024-11-29,48,ews_warning,0,0,2,1,1,1,1,4,0,0,0,1.0,0.21,0.997,1.007,0.989,4.413,187,0,0,ed5e3367-fbd4-4c8c-be33-c5d1c5e191b7.1.v0,19,0,0.0,1,0,0,0,common_cause_episode_hold,외부계통·공통원인 계열,block_individual_precursor,site/root/subgroup simultaneous context without strict-proximal support,0
ktc_ess,ed5e3367-fbd4-4c8c-be33-c5d1c5e191b7.1.16,전조형 고장,진행성 악화,모듈손상형,열화형,2024-12-11,retrospective_onset_date,2024-12-11,,2025-01-29,49,ews_warning,0,0,4,3,2,1,1,3,2,2,0,0.971,0.468,0.967,1.005,0.96,12.052,187,5,0,ed5e3367-fbd4-4c8c-be33-c5d1c5e191b7.1.v0,19,1,0.053,1,1,0,0,manual_review_episode,모듈손상형,manual_review,threshold candidate inconclusive,0
ktc_ess,ed5e3367-fbd4-4c8c-be33-c5d1c5e191b7.1.17,전조형 고장,진행성 악화,모듈손상형,열화형,2025-10-08,retrospective_onset_date,2025-10-08,,2025-10-26,18,ews_warning,0,0,6,5,2,1,1,5,3,3,0,0.976,0.004,0.981,1.002,0.979,5.6,185,25,0,ed5e3367-fbd4-4c8c-be33-c5d1c5e191b7.1.v0,19,0,0.0,1,1,0,0,manual_review_episode,모듈손상형,manual_review,threshold candidate inconclusive,0
ktc_ess,ed5e3367-fbd4-4c8c-be33-c5d1c5e191b7.1.18,전조형 고장,진행성 악화,불충분,원인미확정,2024-10-12,retrospective_onset_date,2024-10-12,,2024-11-29,48,ews_warning,0,0,1,0,1,1,1,5,0,0,0,0.983,0.205,0.978,0.987,0.989,4.72,187,0,0,ed5e3367-fbd4-4c8c-be33-c5d1c5e191b7.1.v0,19,0,0.0,1,0,0,0,common_cause_episode_hold,외부계통·공통원인 계열,block_individual_precursor,site/root/subgroup simultaneous context without strict-proximal support,0
