branch,sequence_no,runway_stage,status,depends_on,entry_gate,planned_output,exit_gate,blocked_by,next_action,operator_facing_change
BR-20260425-128,1,runway_queue_lock,complete_this_branch,BR-127,"BR-127 complete; real rows may still be 0","BR-128..BR-150 execution queue and open/blocked status","queue has 23 rows, no missing sequence, every blocked stage has explicit unblock condition","none","Use this queue as the order tracker before opening BR-129",no
BR-20260425-129,2,real_capture_intake_contract,complete_this_branch,BR-128,"KTC ESS real CSV may be absent; contract can still be built fail-closed","real capture intake input contract and dry-run validator","dry-run blocks missing CSV and documents required columns/path policy","real KTC ESS CSV not supplied","Use the BR-129 contract; rerun with --capture-input only after the real bundle arrives",no
BR-20260425-130,3,real_capture_intake_run,blocked_waiting_real_data,BR-129,"user supplies real KTC ESS CSV/capture bundle","real capture intake outputs and schema validation report","returned rows are schema-valid or blocked with issues","real KTC ESS CSV/capture bundle absent","Wait for user-provided CSV/capture bundle",no
BR-20260425-131,4,source_evidence_resolver_contract,complete_this_branch,BR-128,"BR-127 exists; resolver contract can be built before real rows","source/evidence resolver contract for raw slices, evidence files, path status","contract rows 6; missing real rows fail closed; fixture proves good path opens and bad paths block","real KTC ESS intake rows absent","Use BR-131 contract; BR-132 waits for BR-130 real intake rows",no
BR-20260425-132,5,source_evidence_resolver_run,blocked_waiting_real_data,"BR-130; BR-131","real intake rows exist","source/evidence resolver outputs with raw slices and evidence refs","all candidate rows have source trace or explicit blocked issue","real intake rows absent","Run after BR-130 real capture intake",no
BR-20260425-133,6,common_cause_clearance_contract,complete_this_branch,BR-128,"common-cause gate rules already exist; contract can be built fail-closed","common-cause clearance contract for site/root/peer breadth","contract rows 6; missing source/evidence rows fail closed; fixture proves cleared row opens and uncleared row blocks","real source/evidence rows absent","Use BR-133 contract; BR-134 waits for BR-132 real source/evidence rows",no
BR-20260425-134,7,common_cause_clearance_run,blocked_waiting_real_data,"BR-132; BR-133","resolved source/evidence rows exist","common-cause clearance rows","panel-local eligibility set only when site/root/peer blockers cleared","real resolved rows absent","Run after source/evidence resolver",no
BR-20260425-135,8,artifact_mlpe_control_clearance_contract,complete_this_branch,BR-128,"artifact/MLPE taxonomy and checklist already exist","measurement artifact and MLPE-control clearance contract","contract rows 7; missing source/evidence rows fail closed; fixture proves clean row opens and timestamp/communication/telemetry/MLPE/control blockers block","real source/evidence rows and returned telemetry absent","Use BR-135 contract; BR-136 waits for BR-132 real source/evidence rows and returned telemetry",no
BR-20260425-136,9,artifact_mlpe_control_clearance_run,blocked_waiting_real_data,"BR-132; BR-135","resolved source/evidence rows and returned telemetry fields exist","artifact/MLPE-control clearance outputs","truth-sidecar eligibility only when artifact/control blockers cleared","real resolved rows and returned telemetry absent","Run after real evidence resolver and returned telemetry availability",no
BR-20260425-137,10,sidecar_truth_package_contract,complete_this_branch,BR-127,"BR-127 output schema exists; package contract can be built fail-closed","sidecar truth package contract and write-boundary rules","contract rows 8; current materialization rows 0 so package rows 0; fixture proves one clean row opens and clearance/payload/write-boundary blockers block","real package candidate rows and clearance rows absent","Use BR-137 contract; BR-138 waits for BR-134/BR-136 clearance rows plus sidecar package input",no
BR-20260425-138,11,sidecar_truth_package_run,blocked_waiting_clearance,"BR-134; BR-136; BR-137","clearance rows and BR-127 candidates exist","sidecar truth package candidates","all package rows have source/evidence/clearance/write-boundary complete and approvals 0","no BR-127 passed candidates; real clearance rows absent","Run only after real precheck and clearance rows exist",no
BR-20260425-139,12,truth_replay_scorecard_contract,complete_this_branch,BR-128,"existing result-delta scorecard and replay principles exist","truth replay scorecard contract for baseline vs candidate","contract rows 10; current sidecar truth events 0 so metric rows 0; fixture proves metrics compute while performance claim remains blocked","sidecar truth rows absent","Use BR-139 contract; BR-140 waits for sidecar truth package rows plus baseline/candidate replay outputs",no
BR-20260425-140,13,truth_replay_scorecard_run,blocked_waiting_sidecar_truth,"BR-138; BR-139","sidecar truth package exists","baseline vs candidate replay/evaluation outputs","metrics computed with support counts and no unsupported improvement claim","sidecar truth rows absent","Run after sidecar truth package",no
BR-20260425-141,14,threshold_candidate_selection_contract,blocked_waiting_replay,BR-140,"truth replay exists with enough positives/negatives","one-rule candidate selection contract","exactly one candidate rule is selected for shadow only or selection is blocked","truth replay absent; support counts unknown","Wait for replay evidence",no
BR-20260425-142,15,one_rule_shadow_apply,blocked_waiting_rule_candidate,BR-141,"one candidate rule selected and gates pass","one-rule shadow application outputs","shadow result delta proves intended-only candidate effect","no selected rule candidate","Apply only one selected rule in shadow",no
BR-20260425-143,16,panel_engine_prepatch_gate_refresh,complete_this_branch,BR-127,"prepatch gate docs/scripts exist; refresh can be fail-closed","refreshed panel-engine prepatch gate checklist","contract rows 12; missing candidate blocks closed; fixture proves complete candidate opens while replay/shadow/runbook/write-boundary blockers block","selected rule candidate and real replay/shadow rows absent","Use BR-143 gate; BR-144 waits for BR-141/142 selected rule and prepatch-ready candidate",no
BR-20260425-144,17,panel_engine_semantic_patch,blocked_waiting_prepatch,"BR-142; BR-143","shadow rule candidate and prepatch gate pass","minimal panel_day_engine.py semantic patch if authorized","patch is tiny, documented, py_compile passes, public docs updated if behavior changes","no shadow-selected rule; no truth replay support; no shadow result; no BR-143 prepatch-ready candidate","Do not patch engine until BR-141/142 and BR-143 all pass",yes_if_authorized
BR-20260425-145,18,fresh_tri_site_rerun,blocked_waiting_patch_or_noop_decision,BR-144,"semantic patch or explicit no-op replay candidate exists","fresh tri-site rerun outputs","rerun completes with result-only retention and manifest paths","no patch/no-op candidate ready","Run after patch/no-op decision",no
BR-20260425-146,19,result_delta_acceptance,blocked_waiting_rerun,BR-145,"fresh rerun exists","result delta acceptance scorecard","changed rows/columns are intended and unsupported improvement claims remain blocked or justified","fresh rerun absent","Run scorecard after rerun",no
BR-20260425-147,20,release_handoff_sync,blocked_waiting_delta_acceptance,BR-146,"result delta accepted","ONEPAGER/data_dictionary/release/handoff sync patch","docs explain behavior changes or explicitly state no behavior change","delta acceptance absent","Sync docs only after result delta is known",no
BR-20260425-148,21,commit_scope_pack,blocked_waiting_release_sync,BR-147,"release/handoff docs synced","commit-scope checklist and changed-file bundle summary","commit scope excludes large data/raw/out and unrelated dirty files","release sync absent","Prepare commit scope after docs sync",no
BR-20260425-149,22,final_prelabel_readiness_audit,blocked_waiting_commit_scope,BR-148,"commit scope cleanly identified","pre-label readiness audit","BR-128..BR-148 outputs are present, validated, and open blockers listed","commit scope not prepared","Run final readiness audit before BR-150",no
BR-20260425-150,23,prelabel_runway_checkpoint,blocked_waiting_readiness_audit,BR-149,"final pre-label readiness audit passes","pre-label runway checkpoint","pipeline is ready to accept real labels and rerun without mixing truth/materialization/engine semantics","readiness audit absent","Use as checkpoint, not final algorithm completion",no
